detectorid,stationid,stationname,lanenumber,highwayid,highwayname,milepost
101984,230,"WB Airport Way (2R056) to NB I-205",4,3,I-205,24.82
101985,230,"WB Airport Way (2R056) to NB I-205",3,3,I-205,24.82
101986,230,"WB Airport Way (2R056) to NB I-205",2,3,I-205,24.82
101987,230,"WB Airport Way (2R056) to NB I-205",1,3,I-205,24.82
100962,232,"EB Airport Way (2R057) to NB I-205",4,3,I-205,24.92
100963,232,"EB Airport Way (2R057) to NB I-205",3,3,I-205,24.92
100964,232,"EB Airport Way (2R057) to NB I-205",2,3,I-205,24.92
100965,232,"EB Airport Way (2R057) to NB I-205",1,3,I-205,24.92
102090,1003,"EB Nyberg Loop (2R313) to NB I-5",5,1,I-5,289.4
102091,1003,"EB Nyberg Loop (2R313) to NB I-5",4,1,I-5,289.4
102092,1003,"EB Nyberg Loop (2R313) to NB I-5",3,1,I-5,289.4
102093,1003,"EB Nyberg Loop (2R313) to NB I-5",2,1,I-5,289.4
102094,1003,"EB Nyberg Loop (2R313) to NB I-5",1,1,I-5,289.4
102095,1004,"WB Nyberg Slip (2R312) to NB I-5",5,1,I-5,289.63
102096,1004,"WB Nyberg Slip (2R312) to NB I-5",4,1,I-5,289.63
102097,1004,"WB Nyberg Slip (2R312) to NB I-5",3,1,I-5,289.63
102098,1004,"WB Nyberg Slip (2R312) to NB I-5",2,1,I-5,289.63
102099,1004,"WB Nyberg Slip (2R312) to NB I-5",1,1,I-5,289.63
100429,1005,"Lower Boones (2R311) to NB I-5",3,1,I-5,290.54
100430,1005,"Lower Boones (2R311) to NB I-5",2,1,I-5,290.54
100431,1005,"Lower Boones (2R311) to NB I-5",1,1,I-5,290.54
100432,1006,"Carman (2R316) to NB I-5",3,1,I-5,291.61
100433,1006,"Carman (2R316) to NB I-5",2,1,I-5,291.61
100434,1006,"Carman (2R316) to NB I-5",1,1,I-5,291.61
100435,1007,"OR 217/Kruse Way (2R317) to NB I-5",3,1,I-5,292.18
100436,1007,"OR 217/Kruse Way (2R317) to NB I-5",2,1,I-5,292.18
100437,1007,"OR 217/Kruse Way (2R317) to NB I-5",1,1,I-5,292.18
100755,1008,"Haines (2R308) to NB I-5",3,1,I-5,293.18
100756,1008,"Haines (2R308) to NB I-5",2,1,I-5,293.18
100757,1008,"Haines (2R308) to NB I-5",1,1,I-5,293.18
100758,1009,"99W (2R307) to NB I-5",3,1,I-5,293.74
100759,1009,"99W (2R307) to NB I-5",2,1,I-5,293.74
100760,1009,"99W (2R307) to NB I-5",1,1,I-5,293.74
100761,1010,"Capitol (2R306) to NB I-5",3,1,I-5,295.18
100762,1010,"Capitol (2R306) to NB I-5",2,1,I-5,295.18
100763,1010,"Capitol (2R306) to NB I-5",1,1,I-5,295.18
100764,1011,"Spring Garden (2R305) to NB I-5",3,1,I-5,296.26
100765,1011,"Spring Garden (2R305) to NB I-5",2,1,I-5,296.26
100766,1011,"Spring Garden (2R305) to NB I-5",1,1,I-5,296.26
100767,1012,"Multnomah (2R304) to NB I-5",3,1,I-5,296.6
100768,1012,"Multnomah (2R304) to NB I-5",2,1,I-5,296.6
100769,1012,"Multnomah (2R304) to NB I-5",1,1,I-5,296.6
101912,1013,"Bertha (2R309) to NB I-5",3,1,I-5,297.4
101913,1013,"Bertha (2R309) to NB I-5",2,1,I-5,297.4
101914,1013,"Bertha (2R309) to NB I-5",1,1,I-5,297.4
100369,1015,"Macadam (2R301) to NB I-5",2,1,I-5,299.7
100370,1015,"Macadam (2R301) to NB I-5",1,1,I-5,299.7
100782,1018,"Broadway (2R001) to NB I-5",2,1,I-5,302.5
100783,1018,"Broadway (2R001) to NB I-5",1,1,I-5,302.5
100784,1019,"Going (2R002) to NB I-5",2,1,I-5,303.88
100785,1019,"Going (2R002) to NB I-5",1,1,I-5,303.88
100786,1020,"Alberta (2DS149) to NB I-5",2,1,I-5,304.3
100787,1020,"Alberta (2DS149) to NB I-5",1,1,I-5,304.3
100788,1021,"Rosa Parks (2R004) to NB I-5",2,1,I-5,305.12
100789,1021,"Rosa Parks (2R004) to NB I-5",1,1,I-5,305.12
100792,1023,"Victory (2R006) to NB I-5",2,1,I-5,306.51
100793,1023,"Victory (2R006) to NB I-5",1,1,I-5,306.51
100794,1024,"Marine Dr/99E (2R007) to NB I-5",3,1,I-5,307.46
100795,1024,"Marine Dr/99E (2R007) to NB I-5",2,1,I-5,307.46
100796,1024,"Marine Dr/99E (2R007) to NB I-5",1,1,I-5,307.46
100797,1025,"Jantzen Beach (2DS111) to NB I-5",3,1,I-5,307.9
100798,1025,"Jantzen Beach (2DS111) to NB I-5",2,1,I-5,307.9
100799,1025,"Jantzen Beach (2DS111) to NB I-5",1,1,I-5,307.9
100842,1026,"Jantzen Beach (2DS111) to SB I-5",3,2,I-5,307.9
100843,1026,"Jantzen Beach (2DS111) to SB I-5",2,2,I-5,307.9
100844,1026,"Jantzen Beach (2DS111) to SB I-5",1,2,I-5,307.9
100839,1027,"Marine Dr/99E (2R010) to SB I-5",3,2,I-5,307.35
100840,1027,"Marine Dr/99E (2R010) to SB I-5",2,2,I-5,307.35
100841,1027,"Marine Dr/99E (2R010) to SB I-5",1,2,I-5,307.35
100833,1028,"Columbia (2R011) to SB I-5",3,2,I-5,305.97
100834,1028,"Columbia (2R011) to SB I-5",2,2,I-5,305.97
100835,1028,"Columbia (2R011) to SB I-5",1,2,I-5,305.97
100830,1029,"WB Lombard (2R013) to SB I-5",3,2,I-5,305.51
100831,1029,"WB Lombard (2R013) to SB I-5",2,2,I-5,305.51
100832,1029,"WB Lombard (2R013) to SB I-5",1,2,I-5,305.51
100827,1030,"EB Lombard (2R012) to SB I-5",3,2,I-5,305.4
100828,1030,"EB Lombard (2R012) to SB I-5",2,2,I-5,305.4
100829,1030,"EB Lombard (2R012) to SB I-5",1,2,I-5,305.4
100824,1031,"Rosa Parks (2R014) to SB I-5",3,2,I-5,304.85
100825,1031,"Rosa Parks (2R014) to SB I-5",2,2,I-5,304.85
100826,1031,"Rosa Parks (2R014) to SB I-5",1,2,I-5,304.85
100821,1032,"Alberta (2R015) to SB I-5",3,2,I-5,304.08
100822,1032,"Alberta (2R015) to SB I-5",2,2,I-5,304.08
100823,1032,"Alberta (2R015) to SB I-5",1,2,I-5,304.08
100818,1033,"Going (2R020) to SB I-5",3,2,I-5,303.9
100819,1033,"Going (2R020) to SB I-5",2,2,I-5,303.9
100820,1033,"Going (2R020) to SB I-5",1,2,I-5,303.9
100816,1034,"Greeley (2DS112) to SB I-5",2,2,I-5,303.1
100817,1034,"Greeley (2DS112) to SB I-5",1,2,I-5,303.1
100812,1035,"Wheeler (2R018) to SB I-5",2,2,I-5,302.17
100813,1035,"Wheeler (2R018) to SB I-5",1,2,I-5,302.17
100374,1036,"Hood (2R302) to SB I-5",3,2,I-5,299.25
100375,1036,"Hood (2R302) to SB I-5",2,2,I-5,299.25
100376,1036,"Hood (2R302) to SB I-5",1,2,I-5,299.25
100450,1037,"OR 217/Kruse Way (2R310) to SB I-5",2,611,DS,291.9
100451,1037,"OR 217/Kruse Way (2R310) to SB I-5",1,611,DS,291.9
100447,1038,"Carman (2R322) to SB I-5",3,2,I-5,291.25
100448,1038,"Carman (2R322) to SB I-5",2,2,I-5,291.25
100449,1038,"Carman (2R322) to SB I-5",1,2,I-5,291.25
100444,1039,"Lower Boones (2R321) to SB I-5",3,2,I-5,290.4
100445,1039,"Lower Boones (2R321) to SB I-5",2,2,I-5,290.4
100446,1039,"Lower Boones (2R321) to SB I-5",1,2,I-5,290.4
100441,1040,"Nyberg (2R320) to SB I-5",3,2,I-5,289.38
100442,1040,"Nyberg (2R320) to SB I-5",2,2,I-5,289.38
100443,1040,"Nyberg (2R320) to SB I-5",1,2,I-5,289.38
102104,1041,"99E (2R042) to NB I-205",2,3,I-205,9.45
102105,1041,"99E (2R042) to NB I-205",1,3,I-205,9.45
100922,1042,"82nd Dr/Gladstone (2DS169) to NB I-205",3,3,I-205,11.05
100923,1042,"82nd Dr/Gladstone (2DS169) to NB I-205",2,3,I-205,11.05
100924,1042,"82nd Dr/Gladstone (2DS169) to NB I-205",1,3,I-205,11.05
100925,1043,"OR 212/224 (2DS167) to NB I-205",4,3,I-205,12.94
100926,1043,"OR 212/224 (2DS167) to NB I-205",3,3,I-205,12.94
100927,1043,"OR 212/224 (2DS167) to NB I-205",2,3,I-205,12.94
100928,1043,"OR 212/224 (2DS167) to NB I-205",1,3,I-205,12.94
100935,1045,"Sunnyside (2R054) to NB I-205",3,3,I-205,15.09
100936,1045,"Sunnyside (2R054) to NB I-205",2,3,I-205,15.09
100937,1045,"Sunnyside (2R054) to NB I-205",1,3,I-205,15.09
100938,1046,"Johnson Cr (2R049) to NB I-205",3,3,I-205,16.2
100939,1046,"Johnson Cr (2R049) to NB I-205",2,3,I-205,16.2
100940,1046,"Johnson Cr (2R049) to NB I-205",1,3,I-205,16.2
102299,1047,"Foster (2R050) to NB I-205",4,3,I-205,18.1
102300,1047,"Foster (2R050) to NB I-205",3,3,I-205,18.1
102301,1047,"Foster (2R050) to NB I-205",2,3,I-205,18.1
102302,1047,"Foster (2R050) to NB I-205",1,3,I-205,18.1
101017,1049,"WB Airport Way (2R026) to SB I-205",3,4,I-205,24.77
101018,1049,"WB Airport Way (2R026) to SB I-205",2,4,I-205,24.77
101019,1049,"WB Airport Way (2R026) to SB I-205",1,4,I-205,24.77
102303,1050,"EB Airport Way (2R027) to SB I-205",4,4,I-205,24.66
102304,1050,"EB Airport Way (2R027) to SB I-205",3,4,I-205,24.66
102305,1050,"EB Airport Way (2R027) to SB I-205",2,4,I-205,24.66
102306,1050,"EB Airport Way (2R027) to SB I-205",1,4,I-205,24.66
102294,1051,"Washington (2R030) to SB I-205",5,4,I-205,20.34
102295,1051,"Washington (2R030) to SB I-205",4,4,I-205,20.34
102296,1051,"Washington (2R030) to SB I-205",3,4,I-205,20.34
102297,1051,"Washington (2R030) to SB I-205",2,4,I-205,20.34
102298,1051,"Washington (2R030) to SB I-205",1,4,I-205,20.34
101002,1052,"Division (2R031) to SB I-205",3,4,I-205,19.25
101003,1052,"Division (2R031) to SB I-205",2,4,I-205,19.25
101004,1052,"Division (2R031) to SB I-205",1,4,I-205,19.25
100999,1053,"Powell (2R032) to SB I-205",3,4,I-205,18.92
101000,1053,"Powell (2R032) to SB I-205",2,4,I-205,18.92
101001,1053,"Powell (2R032) to SB I-205",1,4,I-205,18.92
102311,1054,"Foster (2R033) to SB I-205",4,4,I-205,17.5
102312,1054,"Foster (2R033) to SB I-205",3,4,I-205,17.5
102313,1054,"Foster (2R033) to SB I-205",2,4,I-205,17.5
102314,1054,"Foster (2R033) to SB I-205",1,4,I-205,17.5
100878,1055,"Grand (2R075) to EB I-84",3,7,I-84,0.52
100879,1055,"Grand (2R075) to EB I-84",2,7,I-84,0.52
100880,1055,"Grand (2R075) to EB I-84",1,7,I-84,0.52
100881,1056,"16th ( 2R076) to EB I-84",3,7,I-84,1.33
100882,1056,"16th ( 2R076) to EB I-84",2,7,I-84,1.33
100883,1056,"16th ( 2R076) to EB I-84",1,7,I-84,1.33
100884,1057,"Cesar Chavez (2R078) to EB I-84",3,7,I-84,2.6
100885,1057,"Cesar Chavez (2R078) to EB I-84",2,7,I-84,2.6
100886,1057,"Cesar Chavez (2R078) to EB I-84",1,7,I-84,2.6
100900,1059,"82nd/Halsey (2R080) to WB I-84",3,8,I-84,4.9
100901,1059,"82nd/Halsey (2R080) to WB I-84",2,8,I-84,4.9
100902,1059,"82nd/Halsey (2R080) to WB I-84",1,8,I-84,4.9
100897,1060,"58th (2R081) to WB I-84",3,8,I-84,3.43
100898,1060,"58th (2R081) to WB I-84",2,8,I-84,3.43
100899,1060,"58th (2R081) to WB I-84",1,8,I-84,3.43
100894,1061,"Sandy (2R079) to WB I-84",3,8,I-84,2.4
100895,1061,"Sandy (2R079) to WB I-84",2,8,I-84,2.4
100896,1061,"Sandy (2R079) to WB I-84",1,8,I-84,2.4
100890,1062,"33rd (2R077) to WB I-84",4,8,I-84,2.1
100891,1062,"33rd (2R077) to WB I-84",3,8,I-84,2.1
100892,1062,"33rd (2R077) to WB I-84",2,8,I-84,2.1
100893,1062,"33rd (2R077) to WB I-84",1,8,I-84,2.1
100066,1063,"Walker (2R339) to NB OR 217",2,9,OR-217,0.66
100067,1063,"Walker (2R339) to NB OR 217",1,9,OR-217,0.66
100058,1064,"Canyon (2R344) to NB OR 217",2,9,OR-217,1.34
100059,1064,"Canyon (2R344) to NB OR 217",1,9,OR-217,1.34
100050,1065,"Allen (2R340) to NB OR 217",2,9,OR-217,2.16
100051,1065,"Allen (2R340) to NB OR 217",1,9,OR-217,2.16
100042,1066,"Denney (2R342) to NB OR 217",2,9,OR-217,2.68
100043,1066,"Denney (2R342) to NB OR 217",1,9,OR-217,2.68
100034,1067,"Scholls Ferry (2R338) to NB OR 217",2,9,OR-217,3.85
100035,1067,"Scholls Ferry (2R338) to NB OR 217",1,9,OR-217,3.85
100026,1068,"Greenburg (2R337) to NB OR 217",2,9,OR-217,4.65
100027,1068,"Greenburg (2R337) to NB OR 217",1,9,OR-217,4.65
100018,1069,"SB OR 99W Slip (2R336) to NB OR 217",2,9,OR-217,5.85
100019,1069,"SB OR 99W Slip (2R336) to NB OR 217",1,9,OR-217,5.85
100004,1070,"NB OR 99W Loop (2R335) to NB OR 217",2,9,OR-217,5.9
100005,1070,"NB OR 99W Loop (2R335) to NB OR 217",1,9,OR-217,5.9
100002,1071,"NB 72nd (2R348) to NB OR 217",2,9,OR-217,6.61
100003,1071,"NB 72nd (2R348) to NB OR 217",1,9,OR-217,6.61
100165,1072,"72nd (2R347) to SB OR 217",3,10,OR-217,6.77
100166,1072,"72nd (2R347) to SB OR 217",2,10,OR-217,6.77
100167,1072,"72nd (2R347) to SB OR 217",1,10,OR-217,6.77
100157,1073,"OR 99W (2R334) to SB OR 217",2,10,OR-217,5.95
100158,1073,"OR 99W (2R334) to SB OR 217",1,10,OR-217,5.95
100149,1074,"Greenburg (2R333) to SB OR 217",2,10,OR-217,5.11
100150,1074,"Greenburg (2R333) to SB OR 217",1,10,OR-217,5.11
100141,1075,"Scholls Ferry (2R332) to SB OR 217",2,10,OR-217,4.35
100142,1075,"Scholls Ferry (2R332) to SB OR 217",1,10,OR-217,4.35
100127,1076,"Hall (2R331) to SB OR 217",2,10,OR-217,3.5
100128,1076,"Hall (2R331) to SB OR 217",1,10,OR-217,3.5
100119,1077,"Denney (2R343) to SB OR 217",2,10,OR-217,3.12
100120,1077,"Denney (2R343) to SB OR 217",1,10,OR-217,3.12
100117,1078,"Allen (2R341) to SB OR 217",2,10,OR-217,2.55
100118,1078,"Allen (2R341) to SB OR 217",1,10,OR-217,2.55
100103,1079,"B-H Hwy (2R345) to SB OR 217",2,10,OR-217,1.92
100104,1079,"B-H Hwy (2R345) to SB OR 217",1,10,OR-217,1.92
100094,1080,"Walker (2R346) to SB OR 217",3,10,OR-217,0.76
100095,1080,"Walker (2R346) to SB OR 217",2,10,OR-217,0.76
100096,1080,"Walker (2R346) to SB OR 217",1,10,OR-217,0.76
100847,1081,"Helvetia (2R374) to EB US 26",2,11,US26,61.25
100848,1081,"Helvetia (2R374) to EB US 26",1,11,US26,61.25
102212,1082,"SB Cornelius Pass Rd Loop (2R373) to EB US 26",3,11,US26,62.47
102213,1082,"SB Cornelius Pass Rd Loop (2R373) to EB US 26",2,11,US26,62.47
102214,1082,"SB Cornelius Pass Rd Loop (2R373) to EB US 26",1,11,US26,62.47
102215,1083,"NB 185th Slip (2R376) to EB US 26",3,11,US26,64.34
102216,1083,"NB 185th Slip (2R376) to EB US 26",2,11,US26,64.34
102217,1083,"NB 185th Slip (2R376) to EB US 26",1,11,US26,64.34
102206,1084,"SB 185th Loop (2R375) to EB US 26",3,11,US26,64.29
102207,1084,"SB 185th Loop (2R375) to EB US 26",2,11,US26,64.29
102208,1084,"SB 185th Loop (2R375) to EB US 26",1,11,US26,64.29
100857,1085,"Cornell (2R372) to EB US 26",3,11,US26,65.9
100858,1085,"Cornell (2R372) to EB US 26",2,11,US26,65.9
100859,1085,"Cornell (2R372) to EB US 26",1,11,US26,65.9
100860,1086,"Murray (2R365) to EB US 26",3,11,US26,67.4
100861,1086,"Murray (2R365) to EB US 26",2,11,US26,67.4
100862,1086,"Murray (2R365) to EB US 26",1,11,US26,67.4
100863,1087,"Cedar Hills (2R369) to EB US 26",3,11,US26,68.55
100864,1087,"Cedar Hills (2R369) to EB US 26",2,11,US26,68.55
100865,1087,"Cedar Hills (2R369) to EB US 26",1,11,US26,68.55
100651,1089,"Parkway (2R370) to EB US 26",3,11,US26,69.22
100652,1089,"Parkway (2R370) to EB US 26",2,11,US26,69.22
100653,1089,"Parkway (2R370) to EB US 26",1,11,US26,69.22
100660,1090,"Canyon (2R366) to EB US 26",3,11,US26,70.9
100661,1090,"Canyon (2R366) to EB US 26",2,11,US26,70.9
100662,1090,"Canyon (2R366) to EB US 26",1,11,US26,70.9
100669,1091,"Skyline (2R368) to EB US 26",3,11,US26,71.39
100670,1091,"Skyline (2R368) to EB US 26",2,11,US26,71.39
100671,1091,"Skyline (2R368) to EB US 26",1,11,US26,71.39
100681,1092,"Skyline (2R367) to WB US 26",3,12,US26,71.37
100682,1092,"Skyline (2R367) to WB US 26",2,12,US26,71.37
100683,1092,"Skyline (2R367) to WB US 26",1,12,US26,71.37
100873,1094,"Cedar Hills (2R352) to WB US 26",3,12,US26,68.2
100874,1094,"Cedar Hills (2R352) to WB US 26",2,12,US26,68.2
100875,1094,"Cedar Hills (2R352) to WB US 26",1,12,US26,68.2
100870,1095,"Murray (2R354) to WB US 26",3,12,US26,67.0
100871,1095,"Murray (2R354) to WB US 26",2,12,US26,67.0
100872,1095,"Murray (2R354) to WB US 26",1,12,US26,67.0
100367,1096,"Naito/Harbor (2R391) to SB I-5",2,2,I-5,299.5
100368,1096,"Naito/Harbor (2R391) to SB I-5",1,2,I-5,299.5
100876,1097,"EB Morrison (2R074) to EB I-84",2,7,I-84,0.1
100877,1097,"EB Morrison (2R074) to EB I-84",1,7,I-84,0.1
100993,1098,"Johnson Creek (2R034) to SB I-205",3,4,I-205,16.24
100994,1098,"Johnson Creek (2R034) to SB I-205",2,4,I-205,16.24
100995,1098,"Johnson Creek (2R034) to SB I-205",1,4,I-205,16.24
100978,1100,"OR 212/224 (2DS168) to SB I-205",3,4,I-205,12.67
100979,1100,"OR 212/224 (2DS168) to SB I-205",2,4,I-205,12.67
100980,1100,"OR 212/224 (2DS168) to SB I-205",1,4,I-205,12.67
100975,1101,"82nd Dr/Gladstone (2DS170) to SB I-205",3,4,I-205,11.05
100976,1101,"82nd Dr/Gladstone (2DS170) to SB I-205",2,4,I-205,11.05
100977,1101,"82nd Dr/Gladstone (2DS170) to SB I-205",1,4,I-205,11.05
100972,1102,"OR 213/Park Place (2DS172) to SB I-205",3,4,I-205,10.24
100973,1102,"OR 213/Park Place (2DS172) to SB I-205",2,4,I-205,10.24
100974,1102,"OR 213/Park Place (2DS172) to SB I-205",1,4,I-205,10.24
100968,1104,"OR 43 (2R351) to SB I-205",2,4,I-205,8.5
100969,1104,"OR 43 (2R351) to SB I-205",1,4,I-205,8.5
100803,1105,"99W (2R324) to SB I-5",3,2,I-5,293.36
100804,1105,"99W (2R324) to SB I-5",2,2,I-5,293.36
100805,1105,"99W (2R324) to SB I-5",1,2,I-5,293.36
100984,1106,"Milwaukie Expressway (2R037) to SB I-205",3,4,I-205,13.38
100985,1106,"Milwaukie Expressway (2R037) to SB I-205",2,4,I-205,13.38
100986,1106,"Milwaukie Expressway (2R037) to SB I-205",1,4,I-205,13.38
100806,1107,"Capitol (2R306) on SB I-5",3,2,I-5,295.18
100807,1107,"Capitol (2R306) on SB I-5",2,2,I-5,295.18
100808,1107,"Capitol (2R306) on SB I-5",1,2,I-5,295.18
100809,1108,"Spring Garden (2R305) on SB I-5",3,2,I-5,296.26
100810,1108,"Spring Garden (2R305) on SB I-5",2,2,I-5,296.26
100811,1108,"Spring Garden (2R305) on SB I-5",1,2,I-5,296.26
100911,1109,"SB OR 43 (2DS143) to NB I-205",2,3,I-205,8.8
100912,1109,"SB OR 43 (2DS143) to NB I-205",1,3,I-205,8.8
101917,1110,"NB OR 43 (2DS095) to NB I-205",2,3,I-205,9.03
101918,1110,"NB OR 43 (2DS095) to NB I-205",1,3,I-205,9.03
100085,1111,"Wilshire (2R350) to SB OR 217",3,10,OR-217,0.45
100086,1111,"Wilshire (2R350) to SB OR 217",2,10,OR-217,0.45
100087,1111,"Wilshire (2R350) to SB OR 217",1,10,OR-217,0.45
100675,1112,"Jefferson (2R382) to WB US 26",4,12,US26,73.33
100676,1112,"Jefferson (2R382) to WB US 26",3,12,US26,73.33
100677,1112,"Jefferson (2R382) to WB US 26",2,12,US26,73.33
100678,1112,"Jefferson (2R382) to WB US 26",1,12,US26,73.33
100907,1113,"Stafford Rd (2R377) to NB I-205",2,3,I-205,3.55
100908,1113,"Stafford Rd (2R377) to NB I-205",1,3,I-205,3.55
100960,1114,"Stafford Rd (2R390) to SB I-205",2,4,I-205,2.86
100961,1114,"Stafford Rd (2R390) to SB I-205",1,4,I-205,2.86
100966,1115,"10th (2R379) to SB I-205",2,4,I-205,6.25
100967,1115,"10th (2R379) to SB I-205",1,4,I-205,6.25
100909,1116,"10th (2R378) to NB I-205",2,3,I-205,6.88
100910,1116,"10th (2R378) to NB I-205",1,3,I-205,6.88
100071,1118,"Barnes (2R349) to SB OR 217",2,10,OR-217,0.08
100072,1118,"Barnes (2R349) to SB OR 217",1,10,OR-217,0.08
100333,1119,"Everett (2R386) to SB I-405",2,6,I-405,2.22
100334,1119,"Everett (2R386) to SB I-405",1,6,I-405,2.22
100331,1120,"Taylor (2R385) to SB I-405",2,6,I-405,1.81
100332,1120,"Taylor (2R385) to SB I-405",1,6,I-405,1.81
100328,1121,"Montgomery (2R384) to SB I-405",3,6,I-405,1.37
100329,1121,"Montgomery (2R384) to SB I-405",2,6,I-405,1.37
100330,1121,"Montgomery (2R384) to SB I-405",1,6,I-405,1.37
101281,1122,"Clay (2R383) to WB US 26",2,12,US26,73.71
101282,1122,"Clay (2R383) to WB US 26",1,12,US26,73.71
100692,1123,"EB US 26 (2R383) to NB I-405, Market",2,608,DS,73.62
100693,1123,"EB US 26 (2R383) to NB I-405, Market",1,608,DS,73.62
100932,1124,"Sunnybrook(2R053) to NB I-205",3,3,I-205,14.56
100933,1124,"Sunnybrook(2R053) to NB I-205",2,3,I-205,14.56
100934,1124,"Sunnybrook(2R053) to NB I-205",1,3,I-205,14.56
100990,1125,"Sunnyside (2R028) to SB I-205",3,4,I-205,14.58
100991,1125,"Sunnyside (2R028) to SB I-205",2,4,I-205,14.58
100992,1125,"Sunnyside (2R028) to SB I-205",1,4,I-205,14.58
100987,1126,"Sunnybrook (2R029) to SB I-205",3,4,I-205,14.32
100988,1126,"Sunnybrook (2R029) to SB I-205",2,4,I-205,14.32
100989,1126,"Sunnybrook (2R029) to SB I-205",1,4,I-205,14.32
100887,1127,"60th (2R073) to EB I-84",3,7,I-84,3.69
100888,1127,"60th (2R073) to EB I-84",2,7,I-84,3.69
100889,1127,"60th (2R073) to EB I-84",1,7,I-84,3.69
102209,1128,"NB Cornelius Pass Rd Slip (2R397) to EB US 26",3,11,US26,62.8
102210,1128,"NB Cornelius Pass Rd Slip (2R397) to EB US 26",2,11,US26,62.8
102211,1128,"NB Cornelius Pass Rd Slip (2R397) to EB US 26",1,11,US26,62.8
100866,1129,"185th (2R357) to WB US 26",2,12,US26,64.24
100867,1129,"185th (2R357) to WB US 26",1,12,US26,64.24
100800,1131,"Haines (2R323) to SB I-5",3,2,I-5,293.1
100801,1131,"Haines (2R323) to SB I-5",2,2,I-5,293.1
100802,1131,"Haines (2R323) to SB I-5",1,2,I-5,293.1
100362,1132,"Couch (2R389) to NB I-405",2,5,I-405,2.3
100363,1132,"Couch (2R389) to NB I-405",1,5,I-405,2.3
100364,1133,"Glisan (2R395) to NB I-405",3,5,I-405,2.46
100365,1133,"Glisan (2R395) to NB I-405",2,5,I-405,2.46
100366,1133,"Glisan (2R395) to NB I-405",1,5,I-405,2.46
100321,1134,"5th (2R394) to SB I-405",4,6,I-405,0.97
100322,1134,"5th (2R394) to SB I-405",3,6,I-405,0.97
100323,1134,"5th (2R394) to SB I-405",2,6,I-405,0.97
100324,1134,"5th (2R394) to SB I-405",1,6,I-405,0.97
100325,1135,"Broadway (2R388) to SB I-405",3,6,I-405,1.08
100326,1135,"Broadway (2R388) to SB I-405",2,6,I-405,1.08
100327,1135,"Broadway (2R388) to SB I-405",1,6,I-405,1.08
100868,1136,"Bethany (2R356) to WB US 26",2,12,US26,65.65
100869,1136,"Bethany (2R356) to WB US 26",1,12,US26,65.65
100845,1138,"Jackson School Rd (2R398) to EB US 26",2,11,US26,58.8
100846,1138,"Jackson School Rd (2R398) to EB US 26",1,11,US26,58.8
100694,1139,"WB US 26 Frontage (2R367) at Skyline",2,609,DS,71.08
100695,1139,"WB US 26 Frontage (2R367) at Skyline",1,609,DS,71.08
100953,1140,"Columbia (2R024) to NB I-205",3,3,I-205,23.41
100954,1140,"Columbia (2R024) to NB I-205",2,3,I-205,23.41
100955,1140,"Columbia (2R024) to NB I-205",1,3,I-205,23.41
102307,1141,"Columbia (2R025) to SB I-205",4,4,I-205,23.41
102308,1141,"Columbia (2R025) to SB I-205",3,4,I-205,23.41
102309,1141,"Columbia (2R025) to SB I-205",2,4,I-205,23.41
102310,1141,"Columbia (2R025) to SB I-205",1,4,I-205,23.41
102289,1143,"Glisan (2R055) to SB I-205",5,4,I-205,21.12
102290,1143,"Glisan (2R055) to SB I-205",4,4,I-205,21.12
102291,1143,"Glisan (2R055) to SB I-205",3,4,I-205,21.12
102292,1143,"Glisan (2R055) to SB I-205",2,4,I-205,21.12
102293,1143,"Glisan (2R055) to SB I-205",1,4,I-205,21.12
100919,1144,"OR 213/Park Place (2DS171) to I-205 NB MP10.45",3,3,I-205,10.45
100920,1144,"OR 213/Park Place (2DS171) to I-205 NB MP10.45",2,3,I-205,10.45
100921,1144,"OR 213/Park Place (2DS171) to I-205 NB MP10.45",1,3,I-205,10.45
100903,1145,"Glisan (2R023) to WB I-84",1,609,DS,5.7
100696,1146,"Barnes (2R355) to WB US 26 Frontage",2,609,DS,69.3
100697,1146,"Barnes (2R355) to WB US 26 Frontage",1,609,DS,69.3
100836,1147,"Victory (2R021) to SB I-5",3,2,I-5,306.6
100837,1147,"Victory (2R021) to SB I-5",2,2,I-5,306.6
100838,1147,"Victory (2R021) to SB I-5",1,2,I-5,306.6
100672,1148,"Zoo (2R387) to EB US 26",3,11,US26,72.21
100673,1148,"Zoo (2R387) to EB US 26",2,11,US26,72.21
100674,1148,"Zoo (2R387) to EB US 26",1,11,US26,72.21
5003,1501,"Grand EB",1,50,"SR 14",1.55
5004,1501,"Grand EB",2,50,"SR 14",1.55
5005,1502,"Grand WB",2,51,"SR 14",1.55
5006,1502,"Grand WB",1,51,"SR 14",1.55
5021,1507,Kiggins,1,502,"WA I-5",2.55
5022,1507,Kiggins,2,502,"WA I-5",2.55
5023,1507,Kiggins,3,502,"WA I-5",2.55
5024,1508,Kiggins,3,501,"WA I-5",2.55
5025,1508,Kiggins,2,501,"WA I-5",2.55
5026,1508,Kiggins,1,501,"WA I-5",2.55
1000050,1511,99th,3,502,"WA I-5",5.29
1000051,1511,99th,1,502,"WA I-5",5.29
1000052,1511,99th,2,502,"WA I-5",5.29
1000131,1512,99th,1,501,"WA I-5",5.29
1000132,1512,99th,3,501,"WA I-5",5.29
1000133,1512,99th,2,501,"WA I-5",5.29
5041,1513,"Salmon Cr. SB",3,502,"WA I-5",6.31
5042,1513,"Salmon Cr. SB",2,502,"WA I-5",6.31
5139,1513,"Salmon Cr. SB",1,502,"WA I-5",6.31
5039,1514,"Salmon Cr. NB",2,501,"WA I-5",6.31
5040,1514,"Salmon Cr. NB",3,501,"WA I-5",6.31
5138,1514,"Salmon Cr. NB",1,501,"WA I-5",6.31
102007,1515,"I-5 SB at 134th",1,502,"WA I-5",7.3
102008,1515,"I-5 SB at 134th",2,502,"WA I-5",7.3
102005,1516,"I-5 NB at 134th",2,501,"WA I-5",7.3
102010,1516,"I-5 NB at 134th",1,501,"WA I-5",7.3
5063,1526,"Lieser WB",1,51,"SR 14",4.32
5064,1526,"Lieser WB",2,51,"SR 14",4.32
5065,1527,"Lieser EB",2,50,"SR 14",4.32
5066,1527,"Lieser EB",1,50,"SR 14",4.32
5067,1528,"Ellsworth WB",1,51,"SR 14",5.59
5068,1528,"Ellsworth WB",2,51,"SR 14",5.59
5069,1529,"Ellsworth EB",2,50,"SR 14",5.59
5070,1529,"Ellsworth EB",1,50,"SR 14",5.59
5094,1547,"70th SB",2,55,"WA I-205",32.23
5095,1547,"70th SB",1,55,"WA I-205",32.23
5120,1552,63rd,3,501,"WA I-5",3.78
5121,1552,63rd,2,501,"WA I-5",3.78
5122,1552,63rd,1,501,"WA I-5",3.78
5117,1553,63rd,1,502,"WA I-5",3.78
5118,1553,63rd,2,502,"WA I-5",3.78
5119,1553,63rd,3,502,"WA I-5",3.78
5127,1554,78th,1,501,"WA I-5",4.25
5128,1554,78th,2,501,"WA I-5",4.25
5129,1554,78th,3,501,"WA I-5",4.25
5124,1555,78th,1,502,"WA I-5",4.25
5125,1555,78th,2,502,"WA I-5",4.25
5126,1555,78th,3,502,"WA I-5",4.25
5134,1556,86th,3,501,"WA I-5",4.94
5135,1556,86th,2,501,"WA I-5",4.94
5136,1556,86th,1,501,"WA I-5",4.94
5131,1557,86th,1,502,"WA I-5",4.94
5132,1557,86th,2,502,"WA I-5",4.94
5133,1557,86th,3,502,"WA I-5",4.94
5151,1570,"(NB) SR502",2,501,"WA I-5",11.67
5152,1570,"(NB) SR502",3,501,"WA I-5",11.67
5722,1570,"(NB) SR502",1,501,"WA I-5",11.67
5792,1583,SR-14,3,502,"WA I-5",0.45
5793,1583,SR-14,2,502,"WA I-5",0.45
5794,1583,SR-14,1,502,"WA I-5",0.45
5631,1588,"(SB) SR502",3,502,"WA I-5",11.75
5632,1588,"(SB) SR502",2,502,"WA I-5",11.75
5723,1588,"(SB) SR502",1,502,"WA I-5",11.75
5641,1593,"mp 73.3 (access gate)",3,501,"WA I-5",73.26
5642,1593,"mp 73.3 (access gate)",2,501,"WA I-5",73.26
1000134,1593,"mp 73.3 (access gate)",1,501,"WA I-5",73.26
5643,1594,"mp 73.3 (access gate)",3,502,"WA I-5",73.26
5644,1594,"mp 73.3 (access gate)",2,502,"WA I-5",73.26
1000053,1594,"mp 73.3 (access gate)",1,502,"WA I-5",73.26
5645,1595,"Labree Rd Chehalis",2,501,"WA I-5",74.75
5646,1595,"Labree Rd Chehalis",1,501,"WA I-5",74.75
5647,1596,"Labree Rd Chehalis",2,502,"WA I-5",74.75
5648,1596,"Labree Rd Chehalis",1,502,"WA I-5",74.75
1000087,1599,"Blandford EB",1,50,"SR 14",2.4
1000088,1599,"Blandford EB",2,50,"SR 14",2.4
1000005,1600,"Blandford WB",2,51,"SR 14",2.4
1000006,1600,"Blandford WB",1,51,"SR 14",2.4
102003,1601,"Shorewood EB",2,50,"SR 14",3.05
102004,1601,"Shorewood EB",1,50,"SR 14",3.05
102001,1602,"Shorewood WB",1,51,"SR 14",3.05
102002,1602,"Shorewood WB",2,51,"SR 14",3.05
5795,1603,"Cascade Park Dr",2,50,"SR 14",7.72
5796,1603,"Cascade Park Dr",1,50,"SR 14",7.72
5797,1604,"Cascade Park Dr",2,51,"SR 14",7.72
5798,1604,"Cascade Park Dr",1,51,"SR 14",7.72
5799,1605,"164th EB",2,50,"SR 14",8.52
5800,1605,"164th EB",1,50,"SR 14",8.52
5801,1606,"164th WB",2,51,"SR 14",8.52
5802,1606,"164th WB",1,51,"SR 14",8.52
5675,1609,SR14,3,55,"WA I-205",27.26
5676,1609,SR14,2,55,"WA I-205",27.26
5677,1609,SR14,1,55,"WA I-205",27.26
5691,1613,"70th NB",2,54,"WA I-205",32.22
5692,1613,"70th NB",1,54,"WA I-205",32.22
5707,1617,"Thurston EB",2,52,"SR 500",3.97
5708,1617,"Thurston EB",1,52,"SR 500",3.97
5709,1618,"Thurston WB",2,53,"SR 500",3.97
5710,1618,"Thurston WB",1,53,"SR 500",3.97
5728,1623,199th,3,501,"WA I-5",10.8
5729,1623,199th,2,501,"WA I-5",10.8
5730,1623,199th,1,501,"WA I-5",10.8
5731,1624,199th,3,502,"WA I-5",10.81
5732,1624,199th,2,502,"WA I-5",10.81
5733,1624,199th,1,502,"WA I-5",10.81
5734,1625,"Carty Rd.",3,501,"WA I-5",12.48
5735,1625,"Carty Rd.",2,501,"WA I-5",12.48
5736,1625,"Carty Rd.",1,501,"WA I-5",12.48
5737,1626,"Carty Rd.",3,502,"WA I-5",12.49
5738,1626,"Carty Rd.",2,502,"WA I-5",12.49
5739,1626,"Carty Rd.",1,502,"WA I-5",12.49
5742,1627,"35th St",3,501,"WA I-5",2.1
5743,1627,"35th St",2,501,"WA I-5",2.1
5744,1627,"35th St",1,501,"WA I-5",2.1
5750,1628,"35th St",3,502,"WA I-5",2.1
5751,1628,"35th St",2,502,"WA I-5",2.1
5752,1628,"35th St",1,502,"WA I-5",2.1
5756,1629,"Pearson EB",2,50,"SR 14",0.58
5757,1629,"Pearson EB",1,50,"SR 14",0.58
5758,1630,"Pearson WB",2,51,"SR 14",0.58
5759,1630,"Pearson WB",1,51,"SR 14",0.58
5760,1631,"I-205 E EB",2,50,"SR 14",6.3
5761,1631,"I-205 E EB",1,50,"SR 14",6.3
5762,1632,"I-205 E WB",2,51,"SR 14",6.3
5763,1632,"I-205 E WB",1,51,"SR 14",6.3
5764,1633,"6th Ave",1,50,"SR 14",12.39
5765,1634,"6th Ave",2,51,"SR 14",12.39
5766,1634,"6th Ave",1,51,"SR 14",12.39
5767,1635,"Lady Island",1,50,"SR 14",13.14
5768,1636,"Lady Island",1,51,"SR 14",13.14
5769,1637,Union,2,50,"SR 14",14.65
5770,1637,Union,1,50,"SR 14",14.65
5771,1638,Union,2,51,"SR 14",14.65
5772,1638,Union,1,51,"SR 14",14.65
5773,1639,"NE 58th",2,54,"WA I-205",31.53
5774,1639,"NE 58th",1,54,"WA I-205",31.53
5775,1640,"NE 58th",2,55,"WA I-205",31.53
5776,1640,"NE 58th",1,55,"WA I-205",31.53
5777,1641,Andresen,2,54,"WA I-205",33.45
5778,1641,Andresen,1,54,"WA I-205",33.45
5779,1642,Andresen,2,55,"WA I-205",33.45
5780,1642,Andresen,1,55,"WA I-205",33.45
5781,1643,"15th St EB",2,52,"SR 500",0.66
5782,1643,"15th St EB",1,52,"SR 500",0.66
5783,1644,"15th St WB",2,53,"SR 500",0.66
5784,1644,"15th St WB",1,53,"SR 500",0.66
5785,1645,"Burnt Bridge EB",2,52,"SR 500",1.46
5786,1645,"Burnt Bridge EB",1,52,"SR 500",1.46
5787,1646,"Burnt Bridge WB",2,53,"SR 500",1.46
5788,1646,"Burnt Bridge WB",1,53,"SR 500",1.46
5530,1989,"13th Chehalis",2,501,"WA I-5",76.54
5531,1989,"13th Chehalis",1,501,"WA I-5",76.54
5532,1990,"13th Chehalis",2,502,"WA I-5",76.54
5533,1990,"13th Chehalis",1,502,"WA I-5",76.54
101071,3001,"Park Place (2DS078) @ SB I-205 MP10.2",3,4,I-205,10.2
101072,3001,"Park Place (2DS078) @ SB I-205 MP10.2",2,4,I-205,10.2
101073,3001,"Park Place (2DS078) @ SB I-205 MP10.2",1,4,I-205,10.2
101068,3002,"Park Place (2DS078) @ NB I-205 MP10.2",3,3,I-205,10.2
101069,3002,"Park Place (2DS078) @ NB I-205 MP10.2",2,3,I-205,10.2
101070,3002,"Park Place (2DS078) @ NB I-205 MP10.2",1,3,I-205,10.2
100280,3032,"Madison (2DS042) @ NB I-5 MP300.8",3,1,I-5,300.8
100281,3032,"Madison (2DS042) @ NB I-5 MP300.8",2,1,I-5,300.8
100282,3032,"Madison (2DS042) @ NB I-5 MP300.8",1,1,I-5,300.8
101043,3100,"Prosperity Park (2DS001) @ NB I-205 MP1.96",3,3,I-205,1.96
101044,3100,"Prosperity Park (2DS001) @ NB I-205 MP1.96",2,3,I-205,1.96
101045,3100,"Prosperity Park (2DS001) @ NB I-205 MP1.96",1,3,I-205,1.96
101054,3101,"Prosperity Park (2DS001) @ SB I-205 MP1.96",3,4,I-205,1.96
101055,3101,"Prosperity Park (2DS001) @ SB I-205 MP1.96",2,4,I-205,1.96
101056,3101,"Prosperity Park (2DS001) @ SB I-205 MP1.96",1,4,I-205,1.96
101046,3102,"Blankenship (2DS002) @ NB I-205 MP5.39",2,3,I-205,5.39
101047,3102,"Blankenship (2DS002) @ NB I-205 MP5.39",1,3,I-205,5.39
101048,3103,"Viewpoint (2DS003) @ NB I-205 MP7.6",2,3,I-205,7.6
101049,3103,"Viewpoint (2DS003) @ NB I-205 MP7.6",1,3,I-205,7.6
101059,3104,"Viewpoint (2DS003) @ SB I-205 MP7.6",2,4,I-205,7.6
101060,3104,"Viewpoint (2DS003) @ SB I-205 MP7.6",1,4,I-205,7.6
101146,3105,"Halsey (2DS004) @ SB I-205 MP21.68",4,4,I-205,21.68
101147,3105,"Halsey (2DS004) @ SB I-205 MP21.68",3,4,I-205,21.68
101148,3105,"Halsey (2DS004) @ SB I-205 MP21.68",2,4,I-205,21.68
101149,3105,"Halsey (2DS004) @ SB I-205 MP21.68",1,4,I-205,21.68
101050,3106,"Prescott (2DS005) @ NB I-205 MP23.27",4,3,I-205,23.27
101051,3106,"Prescott (2DS005) @ NB I-205 MP23.27",3,3,I-205,23.27
101052,3106,"Prescott (2DS005) @ NB I-205 MP23.27",2,3,I-205,23.27
101053,3106,"Prescott (2DS005) @ NB I-205 MP23.27",1,3,I-205,23.27
101061,3107,"Prescott (2DS005) @ SB I-205 MP23.27",4,4,I-205,23.27
101062,3107,"Prescott (2DS005) @ SB I-205 MP23.27",3,4,I-205,23.27
101063,3107,"Prescott (2DS005) @ SB I-205 MP23.27",2,4,I-205,23.27
101064,3107,"Prescott (2DS005) @ SB I-205 MP23.27",1,4,I-205,23.27
100532,3108,"Broadway (2DS006) @ NB I-405 MP1.15",3,5,I-405,1.15
100533,3108,"Broadway (2DS006) @ NB I-405 MP1.15",2,5,I-405,1.15
100534,3108,"Broadway (2DS006) @ NB I-405 MP1.15",1,5,I-405,1.15
100546,3109,"Jefferson (2DS008) @ NB I-405 MP1.77",2,5,I-405,1.77
100547,3109,"Jefferson (2DS008) @ NB I-405 MP1.77",1,5,I-405,1.77
100544,3110,"Jefferson (2DS008) @ SB I-405 MP1.77",2,6,I-405,1.77
100545,3110,"Jefferson (2DS008) @ SB I-405 MP1.77",1,6,I-405,1.77
100527,3111,"Alder (2DS009) @ NB I-405 MP2.12",2,5,I-405,2.12
100528,3111,"Alder (2DS009) @ NB I-405 MP2.12",1,5,I-405,2.12
100555,3113,"N. Wilsonville (2DS051) @ SB I-5 MP285.28",3,2,I-5,285.28
100556,3113,"N. Wilsonville (2DS051) @ SB I-5 MP285.28",2,2,I-5,285.28
100557,3113,"N. Wilsonville (2DS051) @ SB I-5 MP285.28",1,2,I-5,285.28
101065,3115,"OR 99W (2DS053) @ SB I-5 MP294.05",3,2,I-5,294.05
101066,3115,"OR 99W (2DS053) @ SB I-5 MP294.05",2,2,I-5,294.05
101067,3115,"OR 99W (2DS053) @ SB I-5 MP294.05",1,2,I-5,294.05
100684,3116,"Terwilliger (2DS054) @ SB I-5 MP297.3",3,2,I-5,297.3
100685,3116,"Terwilliger (2DS054) @ SB I-5 MP297.3",2,2,I-5,297.3
100686,3116,"Terwilliger (2DS054) @ SB I-5 MP297.3",1,2,I-5,297.3
100701,3117,"Miles (2DS055) @ NB I-5 MP297.6",3,1,I-5,297.6
100702,3117,"Miles (2DS055) @ NB I-5 MP297.6",2,1,I-5,297.6
100703,3117,"Miles (2DS055) @ NB I-5 MP297.6",1,1,I-5,297.6
100687,3118,"Miles (2DS055) @ SB I-5 MP297.6",3,2,I-5,297.6
100688,3118,"Miles (2DS055) @ SB I-5 MP297.6",2,2,I-5,297.6
100689,3118,"Miles (2DS055) @ SB I-5 MP297.6",1,2,I-5,297.6
100529,3120,"N. Morrison Bridge (2DS070) @ SB I-5 MP301.32",3,2,I-5,301.32
100530,3120,"N. Morrison Bridge (2DS070) @ SB I-5 MP301.32",2,2,I-5,301.32
100531,3120,"N. Morrison Bridge (2DS070) @ SB I-5 MP301.32",1,2,I-5,301.32
100391,3121,"Broadway (2DS010) @ SB I-5 MP302.51",2,2,I-5,302.51
100392,3121,"Broadway (2DS010) @ SB I-5 MP302.51",1,2,I-5,302.51
101022,3122,"SB I-5 (2DS011) to SB I-405 MP4.09",2,6,I-405,4.09
101023,3122,"SB I-5 (2DS011) to SB I-405 MP4.09",1,6,I-405,4.09
101028,3123,"N. Lombard off-ramp (2DS012) @ NB I-5 MP305.6",3,1,I-5,305.6
101029,3123,"N. Lombard off-ramp (2DS012) @ NB I-5 MP305.6",2,1,I-5,305.6
101030,3123,"N. Lombard off-ramp (2DS012) @ NB I-5 MP305.6",1,1,I-5,305.6
101689,3124,"N. Columbia off-ramp (2DS080) @ NB I-5 MP305.9",3,1,I-5,305.9
101690,3124,"N. Columbia off-ramp (2DS080) @ NB I-5 MP305.9",2,1,I-5,305.9
101691,3124,"N. Columbia off-ramp (2DS080) @ NB I-5 MP305.9",1,1,I-5,305.9
101089,3125,"W. Grand (2DS013) @ EB I-84 MP0.45",3,7,I-84,0.45
101090,3125,"W. Grand (2DS013) @ EB I-84 MP0.45",2,7,I-84,0.45
101091,3125,"W. Grand (2DS013) @ EB I-84 MP0.45",1,7,I-84,0.45
101137,3126,"W. Grand (2DS013) @ WB I-84 MP0.45",3,8,I-84,0.45
101138,3126,"W. Grand (2DS013) @ WB I-84 MP0.45",2,8,I-84,0.45
101139,3126,"W. Grand (2DS013) @ WB I-84 MP0.45",1,8,I-84,0.45
101092,3127,"Holiday ramp (2DS014) @ EB I-84 MP1.21",3,7,I-84,1.21
101093,3127,"Holiday ramp (2DS014) @ EB I-84 MP1.21",2,7,I-84,1.21
101094,3127,"Holiday ramp (2DS014) @ EB I-84 MP1.21",1,7,I-84,1.21
101140,3128,"Holiday ramp (2DS014) @ WB I-84 MP1.21",3,8,I-84,1.21
101141,3128,"Holiday ramp (2DS014) @ WB I-84 MP1.21",2,8,I-84,1.21
101142,3128,"Holiday ramp (2DS014) @ WB I-84 MP1.21",1,8,I-84,1.21
101095,3129,"28th (2DS015) @ EB I-84 MP1.82",3,7,I-84,1.82
101096,3129,"28th (2DS015) @ EB I-84 MP1.82",2,7,I-84,1.82
101097,3129,"28th (2DS015) @ EB I-84 MP1.82",1,7,I-84,1.82
101098,3130,"53rd (2DS016) @ EB I-84 MP3.36",3,7,I-84,3.36
101099,3130,"53rd (2DS016) @ EB I-84 MP3.36",2,7,I-84,3.36
101100,3130,"53rd (2DS016) @ EB I-84 MP3.36",1,7,I-84,3.36
101101,3131,"Halsey ramp (2DS017) @ EB I-84 MP4.25",3,7,I-84,4.25
101102,3131,"Halsey ramp (2DS017) @ EB I-84 MP4.25",2,7,I-84,4.25
101103,3131,"Halsey ramp (2DS017) @ EB I-84 MP4.25",1,7,I-84,4.25
101153,3132,"Halsey ramp (2DS017) @ WB I-84 MP4.25",3,8,I-84,4.25
101154,3132,"Halsey ramp (2DS017) @ WB I-84 MP4.25",2,8,I-84,4.25
101155,3132,"Halsey ramp (2DS017) @ WB I-84 MP4.25",1,8,I-84,4.25
101104,3133,"82nd (2DS018) @ EB I-84 MP5.03",3,7,I-84,5.03
101105,3133,"82nd (2DS018) @ EB I-84 MP5.03",2,7,I-84,5.03
101106,3133,"82nd (2DS018) @ EB I-84 MP5.03",1,7,I-84,5.03
101156,3134,"82nd (2DS018) @ WB I-84 MP5.03",3,8,I-84,5.03
101157,3134,"82nd (2DS018) @ WB I-84 MP5.03",2,8,I-84,5.03
101158,3134,"82nd (2DS018) @ WB I-84 MP5.03",1,8,I-84,5.03
101107,3135,"Halsey (2DS019) @ EB I-84 MP5.82",3,7,I-84,5.82
101108,3135,"Halsey (2DS019) @ EB I-84 MP5.82",2,7,I-84,5.82
101109,3135,"Halsey (2DS019) @ EB I-84 MP5.82",1,7,I-84,5.82
101159,3136,"Halsey (2DS019) @ WB I-84 MP5.82",3,8,I-84,5.82
101160,3136,"Halsey (2DS019) @ WB I-84 MP5.82",2,8,I-84,5.82
101161,3136,"Halsey (2DS019) @ WB I-84 MP5.82",1,8,I-84,5.82
101283,3137,"102nd (2DS020) @ EB I-84 MP6.7",2,7,I-84,6.7
101284,3137,"102nd (2DS020) @ EB I-84 MP6.7",1,7,I-84,6.7
101162,3138,"102nd (2DS020) @ WB I-84 MP6.7",3,8,I-84,6.7
101163,3138,"102nd (2DS020) @ WB I-84 MP6.7",2,8,I-84,6.7
101164,3138,"102nd (2DS020) @ WB I-84 MP6.7",1,8,I-84,6.7
101114,3139,"122nd (2DS021) @ EB I-84 MP10.04",3,7,I-84,10.04
101115,3139,"122nd (2DS021) @ EB I-84 MP10.04",2,7,I-84,10.04
101116,3139,"122nd (2DS021) @ EB I-84 MP10.04",1,7,I-84,10.04
101165,3140,"122nd (2DS021) @ WB I-84 MP10.04",3,8,I-84,10.04
101166,3140,"122nd (2DS021) @ WB I-84 MP10.04",2,8,I-84,10.04
101167,3140,"122nd (2DS021) @ WB I-84 MP10.04",1,8,I-84,10.04
101117,3141,"148th (2DS022) @ EB I-84 MP11.47",3,7,I-84,11.47
101118,3141,"148th (2DS022) @ EB I-84 MP11.47",2,7,I-84,11.47
101119,3141,"148th (2DS022) @ EB I-84 MP11.47",1,7,I-84,11.47
101168,3142,"148th (2DS022) @ WB I-84 MP11.47",3,8,I-84,11.47
101169,3142,"148th (2DS022) @ WB I-84 MP11.47",2,8,I-84,11.47
101170,3142,"148th (2DS022) @ WB I-84 MP11.47",1,8,I-84,11.47
101120,3143,"162nd (2DS023) @ EB I-84 MP12.16",3,7,I-84,12.16
101121,3143,"162nd (2DS023) @ EB I-84 MP12.16",2,7,I-84,12.16
101122,3143,"162nd (2DS023) @ EB I-84 MP12.16",1,7,I-84,12.16
101171,3144,"162nd (2DS023) @ WB I-84 MP12.16",3,8,I-84,12.16
101172,3144,"162nd (2DS023) @ WB I-84 MP12.16",2,8,I-84,12.16
101173,3144,"162nd (2DS023) @ WB I-84 MP12.16",1,8,I-84,12.16
101123,3145,"181st (2DS024) @ EB I-84 MP13.04",3,7,I-84,13.04
101124,3145,"181st (2DS024) @ EB I-84 MP13.04",2,7,I-84,13.04
101125,3145,"181st (2DS024) @ EB I-84 MP13.04",1,7,I-84,13.04
101174,3146,"181st (2DS024) @ WB I-84 MP13.04",3,8,I-84,13.04
101175,3146,"181st (2DS024) @ WB I-84 MP13.04",2,8,I-84,13.04
101176,3146,"181st (2DS024) @ WB I-84 MP13.04",1,8,I-84,13.04
101126,3147,"207th (2DS025) @ EB I-84 MP14.4",3,7,I-84,14.4
101127,3147,"207th (2DS025) @ EB I-84 MP14.4",2,7,I-84,14.4
101128,3147,"207th (2DS025) @ EB I-84 MP14.4",1,7,I-84,14.4
101177,3148,"207th (2DS025) @ WB I-84 MP14.4",3,8,I-84,14.4
101178,3148,"207th (2DS025) @ WB I-84 MP14.4",2,8,I-84,14.4
101179,3148,"207th (2DS025) @ WB I-84 MP14.4",1,8,I-84,14.4
101129,3149,"223rd (2DS026) @ EB I-84 MP15.17",3,7,I-84,15.17
101130,3149,"223rd (2DS026) @ EB I-84 MP15.17",2,7,I-84,15.17
101131,3149,"223rd (2DS026) @ EB I-84 MP15.17",1,7,I-84,15.17
101180,3150,"223rd (2DS026) @ WB I-84 MP15.17",3,8,I-84,15.17
101181,3150,"223rd (2DS026) @ WB I-84 MP15.17",2,8,I-84,15.17
101182,3150,"223rd (2DS026) @ WB I-84 MP15.17",1,8,I-84,15.17
101132,3151,"238th (2DS027) @ EB I-84 MP15.94",3,7,I-84,15.94
101133,3151,"238th (2DS027) @ EB I-84 MP15.94",2,7,I-84,15.94
101134,3151,"238th (2DS027) @ EB I-84 MP15.94",1,7,I-84,15.94
101183,3152,"238th (2DS027) @ WB I-84 MP15.94",3,8,I-84,15.94
101184,3152,"238th (2DS027) @ WB I-84 MP15.94",2,8,I-84,15.94
101185,3152,"238th (2DS027) @ WB I-84 MP15.94",1,8,I-84,15.94
100312,3153,"Wilshire (2DS043) @ NB OR 217 MP0.25",3,9,OR-217,0.25
100313,3153,"Wilshire (2DS043) @ NB OR 217 MP0.25",2,9,OR-217,0.25
100314,3153,"Wilshire (2DS043) @ NB OR 217 MP0.25",1,9,OR-217,0.25
101676,3154,"Wilshire (2DS043) @ SB OR 217 MP0.25",4,10,OR-217,0.25
101677,3154,"Wilshire (2DS043) @ SB OR 217 MP0.25",3,10,OR-217,0.25
101678,3154,"Wilshire (2DS043) @ SB OR 217 MP0.25",2,10,OR-217,0.25
101679,3154,"Wilshire (2DS043) @ SB OR 217 MP0.25",1,10,OR-217,0.25
100301,3155,"Canyon (2DS062) @ NB OR 217 MP1.5",2,9,OR-217,1.5
100302,3155,"Canyon (2DS062) @ NB OR 217 MP1.5",1,9,OR-217,1.5
100299,3156,"Canyon (2DS062) @ SB OR 217 MP1.5",2,10,OR-217,1.5
100300,3156,"Canyon (2DS062) @ SB OR 217 MP1.5",1,10,OR-217,1.5
100303,3157,"Hall (2DS064) @ NB OR 217 MP3.4",3,9,OR-217,3.4
100304,3157,"Hall (2DS064) @ NB OR 217 MP3.4",2,9,OR-217,3.4
100305,3157,"Hall (2DS064) @ NB OR 217 MP3.4",1,9,OR-217,3.4
101039,3158,"Helvetia (2DS057) @ WB US26 MP61.05",2,12,US26,61.05
101040,3158,"Helvetia (2DS057) @ WB US26 MP61.05",1,12,US26,61.05
101041,3159,"Cornelius Pass (2DS066) WB US26 MP62.48",2,12,US26,62.48
101042,3159,"Cornelius Pass (2DS066) WB US26 MP62.48",1,12,US26,62.48
100640,3160,"OR 217 Camera 89 (2DS067) @ WB US26 MP69.31",3,12,US26,69.31
100641,3160,"OR 217 Camera 89 (2DS067) @ WB US26 MP69.31",2,12,US26,69.31
100642,3160,"OR 217 Camera 89 (2DS067) @ WB US26 MP69.31",1,12,US26,69.31
100625,3161,"Zoo on-ramp (2DS065) @ EB US26 MP72.17",3,11,US26,72.17
100626,3161,"Zoo on-ramp (2DS065) @ EB US26 MP72.17",2,11,US26,72.17
100627,3161,"Zoo on-ramp (2DS065) @ EB US26 MP72.17",1,11,US26,72.17
100647,3162,"Zoo Interchange (2DS065) @ WB US26 MP72.17",4,12,US26,72.17
100648,3162,"Zoo Interchange (2DS065) @ WB US26 MP72.17",3,12,US26,72.17
100649,3162,"Zoo Interchange (2DS065) @ WB US26 MP72.17",2,12,US26,72.17
100650,3162,"Zoo Interchange (2DS065) @ WB US26 MP72.17",1,12,US26,72.17
100628,3163,"Jefferson (2DS068) @ EB US26 MP73.17",3,11,US26,73.17
100629,3163,"Jefferson (2DS068) @ EB US26 MP73.17",2,11,US26,73.17
100630,3163,"Jefferson (2DS068) @ EB US26 MP73.17",1,11,US26,73.17
101074,3164,"Halsey (2DS004) @ NB I-205 MP21.68",3,3,I-205,21.68
101075,3164,"Halsey (2DS004) @ NB I-205 MP21.68",2,3,I-205,21.68
101076,3164,"Halsey (2DS004) @ NB I-205 MP21.68",1,3,I-205,21.68
100548,3165,"N. Wilsonville (2DS051) @ NB I-5 MP285.28",3,1,I-5,285.58
100549,3165,"N. Wilsonville (2DS051) @ NB I-5 MP285.28",2,1,I-5,285.58
100550,3165,"N. Wilsonville (2DS051) @ NB I-5 MP285.28",1,1,I-5,285.58
100752,3167,"Terwilliger (2DS054) @ NB I-5 MP297.3",3,1,I-5,296.9
100753,3167,"Terwilliger (2DS054) @ NB I-5 MP297.3",2,1,I-5,296.9
100754,3167,"Terwilliger (2DS054) @ NB I-5 MP297.3",1,1,I-5,296.9
100290,3168,"N. Morrison Bridge (2DS070) @ NB I-5 MP301.32",2,1,I-5,301.32
100291,3168,"N. Morrison Bridge (2DS070) @ NB I-5 MP301.32",1,1,I-5,301.32
100389,3169,"Broadway (2DS010) @ NB I-5 MP302.52",2,1,I-5,302.52
100390,3169,"Broadway (2DS010) @ NB I-5 MP302.52",1,1,I-5,302.52
101020,3170,"NB I-405 (2DS011) to NB I-5 MP4.2",2,5,I-405,4.2
101021,3170,"NB I-405 (2DS011) to NB I-5 MP4.2",1,5,I-405,4.2
101024,3171,"NB I-5 (2DS011) @ I-405 MP303.47",2,1,I-5,303.47
101025,3171,"NB I-5 (2DS011) @ I-405 MP303.47",1,1,I-5,303.47
101026,3172,"SB I-5 (2DS011) @ I-405 MP303.47",2,2,I-5,303.47
101027,3172,"SB I-5 (2DS011) @ I-405 MP303.47",1,2,I-5,303.47
101031,3173,"N. Lombard off-ramp (2DS012) @ SB I-5 MP305.6",3,2,I-5,305.6
101032,3173,"N. Lombard off-ramp (2DS012) @ SB I-5 MP305.6",2,2,I-5,305.6
101033,3173,"N. Lombard off-ramp (2DS012) @ SB I-5 MP305.6",1,2,I-5,305.6
101686,3174,"N. Columbia off-ramp (2DS080) @ SB I-5 MP305.9",3,2,I-5,305.9
101687,3174,"N. Columbia off-ramp (2DS080) @ SB I-5 MP305.9",2,2,I-5,305.9
101688,3174,"N. Columbia off-ramp (2DS080) @ SB I-5 MP305.9",1,2,I-5,305.9
101143,3175,"28th (2DS015) @ WB I-84 MP1.82",3,8,I-84,1.82
101144,3175,"28th (2DS015) @ WB I-84 MP1.82",2,8,I-84,1.82
101145,3175,"28th (2DS015) @ WB I-84 MP1.82",1,8,I-84,1.82
101150,3176,"53rd (2DS016) @ WB I-84 MP3.36",3,8,I-84,3.36
101151,3176,"53rd (2DS016) @ WB I-84 MP3.36",2,8,I-84,3.36
101152,3176,"53rd (2DS016) @ WB I-84 MP3.36",1,8,I-84,3.36
100306,3177,"Hall (2DS064) @ SB OR 217 MP3.4",3,10,OR-217,3.4
100307,3177,"Hall (2DS064) @ SB OR 217 MP3.4",2,10,OR-217,3.4
100308,3177,"Hall (2DS064) @ SB OR 217 MP3.4",1,10,OR-217,3.4
101037,3178,"Helvetia (2DS057) @ EB US26 MP61.05",2,11,US26,61.05
101038,3178,"Helvetia (2DS057) @ EB US26 MP61.05",1,11,US26,61.05
100635,3180,"OR 217 Camera 89 (2DS067) @ EB US26 MP69.31",3,11,US26,69.31
100636,3180,"OR 217 Camera 89 (2DS067) @ EB US26 MP69.31",2,11,US26,69.31
100637,3180,"OR 217 Camera 89 (2DS067) @ EB US26 MP69.31",1,11,US26,69.31
100643,3181,"Jefferson (2DS068) @ WB US26 MP73.17",4,12,US26,73.17
100644,3181,"Jefferson (2DS068) @ WB US26 MP73.17",3,12,US26,73.17
100645,3181,"Jefferson (2DS068) @ WB US26 MP73.17",2,12,US26,73.17
100646,3181,"Jefferson (2DS068) @ WB US26 MP73.17",1,12,US26,73.17
101135,3183,"Marine Dr (2DS028) @ EB I-84 MP16.9",2,7,I-84,16.9
101136,3183,"Marine Dr (2DS028) @ EB I-84 MP16.9",1,7,I-84,16.9
100283,3185,"Madison (2DS071) @ SB I-5 MP300.8",3,2,I-5,300.8
100284,3185,"Madison (2DS071) @ SB I-5 MP300.8",2,2,I-5,300.8
100285,3185,"Madison (2DS071) @ SB I-5 MP300.8",1,2,I-5,300.8
100615,3186,"Marquam Bridge Catwalk (2DS058) @ SB I-5 MP300.26",4,611,DS,300.26
100616,3186,"Marquam Bridge Catwalk (2DS058) @ SB I-5 MP300.26",3,611,DS,300.26
100617,3186,"Marquam Bridge Catwalk (2DS058) @ SB I-5 MP300.26",2,611,DS,300.26
100618,3186,"Marquam Bridge Catwalk (2DS058) @ SB I-5 MP300.26",1,611,DS,300.26
100613,3187,"Ross Island (2DS060) SB I-5 MP299.8",2,611,DS,299.8
100614,3187,"Ross Island (2DS060) SB I-5 MP299.8",1,611,DS,299.8
100551,3191,"Norwood (2DS052) @ NB I-5 MP287.46",4,1,I-5,287.46
100552,3191,"Norwood (2DS052) @ NB I-5 MP287.46",3,1,I-5,287.46
100553,3191,"Norwood (2DS052) @ NB I-5 MP287.46",2,1,I-5,287.46
100554,3191,"Norwood (2DS052) @ NB I-5 MP287.46",1,1,I-5,287.46
100558,3192,"Norwood (2DS052) @ SB I-5 MP287.46",4,2,I-5,287.46
100559,3192,"Norwood (2DS052) @ SB I-5 MP287.46",3,2,I-5,287.46
100560,3192,"Norwood (2DS052) @ SB I-5 MP287.46",2,2,I-5,287.46
100561,3192,"Norwood (2DS052) @ SB I-5 MP287.46",1,2,I-5,287.46
100294,3193,"Corbett (2DS056) @ NB I-5 MP298.9",3,1,I-5,298.9
100295,3193,"Corbett (2DS056) @ NB I-5 MP298.9",2,1,I-5,298.9
100296,3193,"Corbett (2DS056) @ NB I-5 MP298.9",1,1,I-5,298.9
100269,3194,"Corbett (2DS056) @ SB I-5 MP298.9",3,2,I-5,298.9
100270,3194,"Corbett (2DS056) @ SB I-5 MP298.9",2,2,I-5,298.9
100271,3194,"Corbett (2DS056) @ SB I-5 MP298.9",1,2,I-5,298.9
101057,3195,"Blankenship (2DS002) @ SB I-205 MP5.39",2,4,I-205,5.39
101058,3195,"Blankenship (2DS002) @ SB I-205 MP5.39",1,4,I-205,5.39
100393,3196,"Broadway (2DS006) @ SB I-405 MP1.15",3,6,I-405,1.15
100394,3196,"Broadway (2DS006) @ SB I-405 MP1.15",2,6,I-405,1.15
100395,3196,"Broadway (2DS006) @ SB I-405 MP1.15",1,6,I-405,1.15
100606,3201,"Ross Island (2DS060) @ NB I-405 MP0.2",2,610,DS,0.2
100607,3201,"Ross Island (2DS060) @ NB I-405 MP0.2",1,610,DS,0.2
101186,3202,"Marine Dr (2DS028) @ WB I-84 MP16.9",2,8,I-84,16.9
101187,3202,"Marine Dr (2DS028) @ WB I-84 MP16.9",1,8,I-84,16.9
100598,3209,"NB OR 217 (2DS044) to WB US 26 MP0.08",2,609,DS,69.1
100599,3209,"NB OR 217 (2DS044) to WB US 26 MP0.08",1,609,DS,69.1
100602,3210,"WB US 26 (2DS045) to SB OR 217 MP69.1",2,611,DS,0.0
100603,3210,"WB US 26 (2DS045) to SB OR 217 MP69.1",1,611,DS,0.0
100604,3211,"EB US 26 (2DS046) to SB OR 217 MP69.16",2,611,DS,0.0
100605,3211,"EB US 26 (2DS046) to SB OR 217 MP69.16",1,611,DS,0.0
102019,5208,"Salmon CR SB",1,55,"WA I-205",36.15
102020,5208,"Salmon CR SB",2,55,"WA I-205",36.15
100174,10022,"NW Expressway (E)",2,616,"R2 Beltline Hwy",7.65
100175,10022,"NW Expressway (E)",1,616,"R2 Beltline Hwy",7.65
100176,10023,"River Rd (E)",2,616,"R2 Beltline Hwy",8.48
100177,10023,"River Rd (E)",1,616,"R2 Beltline Hwy",8.48
100178,10024,"River Ave (E)",2,616,"R2 Beltline Hwy",9.42
100179,10024,"River Ave (E)",1,616,"R2 Beltline Hwy",9.42
100180,10025,"Delta Hwy (E)",2,616,"R2 Beltline Hwy",10.05
100181,10025,"Delta Hwy (E)",1,616,"R2 Beltline Hwy",10.05
100182,10026,"Coburg Rd (E)",2,616,"R2 Beltline Hwy",11.66
100183,10026,"Coburg Rd (E)",1,616,"R2 Beltline Hwy",11.66
100184,10027,"Coburg Rd (W)",2,617,"R2 Beltline Hwy",11.66
100185,10027,"Coburg Rd (W)",1,617,"R2 Beltline Hwy",11.66
100186,10028,"Green Acres (W)",2,617,"R2 Beltline Hwy",10.05
100187,10028,"Green Acres (W)",1,617,"R2 Beltline Hwy",10.05
100188,10029,"River Ave (W)",2,617,"R2 Beltline Hwy",9.42
100189,10029,"River Ave (W)",1,617,"R2 Beltline Hwy",9.42
100190,10030,"River Rd (W)",2,617,"R2 Beltline Hwy",8.48
100191,10030,"River Rd (W)",1,617,"R2 Beltline Hwy",8.48
100192,10031,"NW Expressway (W)",2,617,"R2 Beltline Hwy",7.65
100193,10031,"NW Expressway (W)",1,617,"R2 Beltline Hwy",7.65
100608,10121,"US 26 off-ramp (2DS008) @ SB I-405 MP1.77",2,611,DS,1.77
100609,10121,"US 26 off-ramp (2DS008) @ SB I-405 MP1.77",1,611,DS,1.77
100610,10122,"Taylor St on-ramp (2DS008) @ SB I-405 MP1.77",1,611,DS,1.77
100611,10123,"Ross Island off-ramp (2DS060) @ SB I-405 MP0.2",2,611,DS,0.2
100612,10123,"Ross Island off-ramp (2DS060) @ SB I-405 MP0.2",1,611,DS,0.2
100634,10132,"Camera 89 (2DS067) @ EB US26 MP69.31",1,608,DS,69.31
100638,10134,"Camera 89 (2DS067) @ WB US26 MP69.31",2,609,DS,69.31
100639,10134,"Camera 89 (2DS067) @ WB US26 MP69.31",1,609,DS,69.31
100904,10212,"207th (2R085) to WB I-84",3,8,I-84,14.43
100905,10212,"207th (2R085) to WB I-84",2,8,I-84,14.43
100906,10212,"207th (2R085) to WB I-84",1,8,I-84,14.43
100970,10235,"99E (2R041) to SB I-205",2,4,I-205,9.29
100971,10235,"99E (2R041) to SB I-205",1,4,I-205,9.29
101113,10285,"102nd off-ramp (2DS020) @ EB I-84 MP6.7",1,608,DS,6.7
101285,10313,"Kuebler (3DS001) @ SB I-5 MP252.3",4,626,"R2 I-5",252.3
101286,10313,"Kuebler (3DS001) @ SB I-5 MP252.3",3,626,"R2 I-5",252.3
101287,10313,"Kuebler (3DS001) @ SB I-5 MP252.3",2,626,"R2 I-5",252.3
101288,10313,"Kuebler (3DS001) @ SB I-5 MP252.3",1,626,"R2 I-5",252.3
101299,10317,"Carman (2DS072) @ NB I-5 MP291.48",4,1,I-5,291.47
101300,10317,"Carman (2DS072) @ NB I-5 MP291.48",3,1,I-5,291.47
101301,10317,"Carman (2DS072) @ NB I-5 MP291.48",2,1,I-5,291.47
101302,10317,"Carman (2DS072) @ NB I-5 MP291.48",1,1,I-5,291.47
101303,10318,"Carman (2DS072) @ SB I-5 MP291.48",4,2,I-5,291.48
101304,10318,"Carman (2DS072) @ SB I-5 MP291.48",3,2,I-5,291.48
101305,10318,"Carman (2DS072) @ SB I-5 MP291.48",2,2,I-5,291.48
101306,10318,"Carman (2DS072) @ SB I-5 MP291.48",1,2,I-5,291.48
101692,10326,"A Near Side",6,612,Construction,0
101693,10326,"A Near Side",5,612,Construction,0
101694,10326,"A Near Side",4,612,Construction,0
101695,10326,"A Near Side",3,612,Construction,0
101696,10326,"A Near Side",2,612,Construction,0
101697,10326,"A Near Side",1,612,Construction,0
101698,10327,"A Far Side",6,612,Construction,0
101699,10327,"A Far Side",5,612,Construction,0
101700,10327,"A Far Side",4,612,Construction,0
101701,10327,"A Far Side",3,612,Construction,0
101702,10327,"A Far Side",2,612,Construction,0
101703,10327,"A Far Side",1,612,Construction,0
101704,10328,"B Near Side",6,612,Construction,0
101705,10328,"B Near Side",5,612,Construction,0
101706,10328,"B Near Side",4,612,Construction,0
101707,10328,"B Near Side",3,612,Construction,0
101708,10328,"B Near Side",2,612,Construction,0
101709,10328,"B Near Side",1,612,Construction,0
101710,10329,"B Far Side",6,612,Construction,0
101711,10329,"B Far Side",5,612,Construction,0
101712,10329,"B Far Side",4,612,Construction,0
101713,10329,"B Far Side",3,612,Construction,0
101714,10329,"B Far Side",2,612,Construction,0
101715,10329,"B Far Side",1,612,Construction,0
101972,10330,"C Near Side",6,612,Construction,0
101973,10330,"C Near Side",5,612,Construction,0
101974,10330,"C Near Side",4,612,Construction,0
101975,10330,"C Near Side",3,612,Construction,0
101976,10330,"C Near Side",2,612,Construction,0
101977,10330,"C Near Side",1,612,Construction,0
101978,10331,"C Far Side",6,612,Construction,0
101979,10331,"C Far Side",5,612,Construction,0
101980,10331,"C Far Side",4,612,Construction,0
101981,10331,"C Far Side",3,612,Construction,0
101982,10331,"C Far Side",2,612,Construction,0
101983,10331,"C Far Side",1,612,Construction,0
101728,10332,"D Near Side",6,612,Construction,0
101729,10332,"D Near Side",5,612,Construction,0
101730,10332,"D Near Side",4,612,Construction,0
101731,10332,"D Near Side",3,612,Construction,0
101732,10332,"D Near Side",2,612,Construction,0
101733,10332,"D Near Side",1,612,Construction,0
101740,10334,"S. of Goodpasture (5DS003) @ NB Delta Hwy MP0.90",2,618,"R2 Delta Hwy",0.9
101741,10334,"S. of Goodpasture (5DS003) @ NB Delta Hwy MP0.90",1,618,"R2 Delta Hwy",0.9
101742,10335,"N. of Goodpasture (5DS002) @ Delta Hwy MP0.66",2,618,"R2 Delta Hwy",0.66
101743,10335,"N. of Goodpasture (5DS002) @ Delta Hwy MP0.66",1,618,"R2 Delta Hwy",0.66
101744,10336,"Beltline Hwy (5DS001) @ NB Delta Hwy MP0.32",2,618,"R2 Delta Hwy",0.32
101745,10336,"Beltline Hwy (5DS001) @ NB Delta Hwy MP0.32",1,618,"R2 Delta Hwy",0.32
101746,10337,"Maint West (2DS089) @ EB US26 MP54.13",2,606,"Mt. Hood",54.13
101747,10337,"Maint West (2DS089) @ EB US26 MP54.13",1,606,"Mt. Hood",54.13
101748,10338,"Maint West (2DS090) @ WB US26 MP54.13",1,607,"Mt. Hood",54.13
101749,10339,"Arlie Mitchell (2DS085) @ EB US26 MP43.77",2,606,"Mt. Hood",43.77
101750,10339,"Arlie Mitchell (2DS085) @ EB US26 MP43.77",1,606,"Mt. Hood",43.77
101751,10340,"Arlie Mitchell (2DS086) @ WB US26 MP43.77",2,607,"Mt. Hood",43.77
101752,10340,"Arlie Mitchell (2DS086) @ WB US26 MP43.77",1,607,"Mt. Hood",43.77
101753,10341,"Govt Camp Loop West (2DS087) @ EB US26 MP52.47",2,606,"Mt. Hood",52.47
101754,10341,"Govt Camp Loop West (2DS087) @ EB US26 MP52.47",1,606,"Mt. Hood",52.47
101755,10342,"Govt Camp Loop West (2DS088) @ WB US26 MP52.47",1,607,"Mt. Hood",52.47
101760,10345,"Frog Lake (2DS094) @ SB US26 MP61.82",1,606,"Mt. Hood",61.82
101761,10346,"Frog Lake (2DS094) @ NB US26 MP61.82",1,607,"Mt. Hood",61.82
101762,10347,"D Far Side",6,612,Construction,0
101763,10347,"D Far Side",5,612,Construction,0
101764,10347,"D Far Side",4,612,Construction,0
101765,10347,"D Far Side",3,612,Construction,0
101766,10347,"D Far Side",2,612,Construction,0
101767,10347,"D Far Side",1,612,Construction,0
101768,10348,"US26 (2DS092) @ EB OR35 MP57.52",1,606,"Mt. Hood",57.52
101769,10349,"US26 (2DS092) @ WB OR35 MP57.52",1,607,"Mt. Hood",57.52
101772,10351,"Jantzen Beach on-ramp (2DS111) @ NB I-5 MP307.92",1,610,DS,307.92
101779,10354,"Jantzen Beach off-ramp (2DS111) @ SB I-5 MP307.92",1,611,DS,307.92
101915,10356,"WB Morrison (2R017) to NB I-5",2,1,I-5,300.99
101916,10356,"WB Morrison (2R017) to NB I-5",1,1,I-5,300.99
101964,10358,"Halsey off-ramp (2DS019) @ EB I-84 MP5.82",1,608,DS,5.82
101965,10359,"NB I-5 (2DS082) to NB OR 217",2,610,DS,292.06
101966,10359,"NB I-5 (2DS082) to NB OR 217",1,610,DS,292.06
101969,10361,"S. OR99W (2DS033) @ SB OR 217 MP6.33",3,10,OR-217,6.33
101970,10361,"S. OR99W (2DS033) @ SB OR 217 MP6.33",2,10,OR-217,6.33
101971,10361,"S. OR99W (2DS033) @ SB OR 217 MP6.33",1,10,OR-217,6.33
101988,10365,"US26 @ Fischer Rd WB",1,613,Staleys,45.79
101989,10366,"US26 @ Fischer Rd EB",1,613,Staleys,45.79
101990,10367,"US26 @ OR47 EB",1,613,Staleys,45.42
101991,10368,"US26 @ OR47 WB",1,613,Staleys,45.42
101992,10369,"OR47 SB",1,613,Staleys,76.23
102023,10374,"Baker Valley I-84 MP279.30 EB",2,615,"R5 I-84",279.3
102024,10374,"Baker Valley I-84 MP279.30 EB",1,615,"R5 I-84",279.3
102025,10375,"Baker Valley I-84 MP279.30 WB",2,614,"R5 I-84",279.3
102026,10375,"Baker Valley I-84 MP279.30 WB",1,614,"R5 I-84",279.3
102027,10376,"Baker Valley I-84 MP298.02 WB",2,614,"R5 I-84",298.02
102028,10376,"Baker Valley I-84 MP298.02 WB",1,614,"R5 I-84",298.02
102029,10377,"Baker Valley I-84 MP298.02 EB",2,615,"R5 I-84",298.02
102030,10377,"Baker Valley I-84 MP298.02 EB",1,615,"R5 I-84",298.02
102031,10378,"Baker Valley I-84 MP294.87 WB",3,614,"R5 I-84",294.87
102032,10378,"Baker Valley I-84 MP294.87 WB",2,614,"R5 I-84",294.87
102033,10378,"Baker Valley I-84 MP294.87 WB",1,614,"R5 I-84",294.87
102034,10379,"Greeley (2DS112) to NB I-5",2,1,I-5,303.1
102035,10379,"Greeley (2DS112) to NB I-5",1,1,I-5,303.1
102084,10380,"S. Greenburg (2DS041) @ SB OR 217 MP5.43",3,10,OR-217,5.43
102085,10380,"S. Greenburg (2DS041) @ SB OR 217 MP5.43",2,10,OR-217,5.43
102086,10380,"S. Greenburg (2DS041) @ SB OR 217 MP5.43",1,10,OR-217,5.43
102087,10381,"S. Greenburg (2DS041) @ NB OR 217 MP5.43",3,9,OR-217,5.43
102088,10381,"S. Greenburg (2DS041) @ NB OR 217 MP5.43",2,9,OR-217,5.43
102089,10381,"S. Greenburg (2DS041) @ NB OR 217 MP5.43",1,9,OR-217,5.43
102100,10384,"Mt. Bachelor EB",2,624,"R4 Century Dr",21.11
102101,10384,"Mt. Bachelor EB",1,624,"R4 Century Dr",21.11
102102,10385,"Mt. Bachelor WB",2,625,"R4 Century Dr",21.11
102103,10385,"Mt. Bachelor WB",1,625,"R4 Century Dr",21.11
1000093,10386,"Quarry Rd.",2,50,"SR 14",9.52
1000094,10386,"Quarry Rd.",1,50,"SR 14",9.52
1000060,10387,"Harrison Ave",2,502,"WA I-5",82.74
1000061,10387,"Harrison Ave",1,502,"WA I-5",82.74
1000127,10388,"Mill Plain",3,54,"WA I-205",28.36
1000128,10388,"Mill Plain",2,54,"WA I-205",28.36
1000129,10388,"Mill Plain",1,54,"WA I-205",28.36
1000147,10389,"Mellen Couplet",2,501,"WA I-5",81.32
1000148,10389,"Mellen Couplet",1,501,"WA I-5",81.32
1000003,10390,154th,2,100,"SR 503",4.71
1000004,10390,154th,1,100,"SR 503",4.71
1000009,10392,"East of 192nd",2,51,"SR 14",10.49
1000010,10392,"East of 192nd",1,51,"SR 14",10.49
1000027,10393,"ST Johns SB",2,55,"WA I-205",34.35
1000028,10393,"ST Johns SB",1,55,"WA I-205",34.35
1000073,10394,"Dolan RD",3,502,"WA I-5",13.46
1000074,10394,"Dolan RD",2,502,"WA I-5",13.46
1000075,10394,"Dolan RD",1,502,"WA I-5",13.46
1000043,10395,"Mill Plain",3,55,"WA I-205",28.36
1000044,10395,"Mill Plain",2,55,"WA I-205",28.36
1000045,10395,"Mill Plain",1,55,"WA I-205",28.36
1000029,10396,"SR500 SB",2,55,"WA I-205",30.95
1000030,10396,"SR500 SB",1,55,"WA I-205",30.95
1000017,10397,"Col. Shores BLVD",2,51,"SR 14",0.91
1000018,10397,"Col. Shores BLVD",1,51,"SR 14",0.91
1000013,10398,"97th AVE",2,51,"SR 14",5
1000014,10398,"97th AVE",1,51,"SR 14",5
1000023,10399,"152nd AVE",2,53,"SR 500",8.75
1000024,10399,"152nd AVE",1,53,"SR 500",8.75
1000019,10400,"Apple Tree",2,51,"SR 14",0.17
1000020,10400,"Apple Tree",1,51,"SR 14",0.17
1000113,10401,"SR500 NB",2,54,"WA I-205",30.94
1000114,10401,"SR500 NB",1,54,"WA I-205",30.94
1000095,10402,"97th AVE",2,50,"SR 14",5
1000096,10402,"97th AVE",1,50,"SR 14",5
1000163,10403,139th,2,501,"WA I-5",7.56
1000164,10403,139th,1,501,"WA I-5",7.56
1000143,10404,"CDNB Harrison",2,501,"WA I-5",82.27
1000144,10404,"CDNB Harrison",1,501,"WA I-5",82.27
1000054,10405,"L/T COUNTY LINE",3,502,"WA I-5",85.57
1000055,10405,"L/T COUNTY LINE",2,502,"WA I-5",85.57
1000056,10405,"L/T COUNTY LINE",1,502,"WA I-5",85.57
1000037,10406,"18th ST SB",3,55,"WA I-205",29.36
1000038,10406,"18th ST SB",2,55,"WA I-205",29.36
1000039,10406,"18th ST SB",1,55,"WA I-205",29.36
1000082,10407,139th,2,502,"WA I-5",7.56
1000083,10407,139th,1,502,"WA I-5",7.56
1000076,10408,209th,3,502,"WA I-5",11.03
1000077,10408,209th,2,502,"WA I-5",11.03
1000078,10408,209th,1,502,"WA I-5",11.03
1000091,10409,"East of 192nd",2,50,"SR 14",10.49
1000092,10409,"East of 192nd",1,50,"SR 14",10.49
1000079,10410,"179th ST SB",3,502,"WA I-5",9.77
1000080,10410,"179th ST SB",2,502,"WA I-5",9.77
1000081,10410,"179th ST SB",1,502,"WA I-5",9.77
1000062,10411,"CDNB Harrison",2,502,"WA I-5",82.27
1000063,10411,"CDNB Harrison",1,502,"WA I-5",82.27
1000066,10412,"Mellen Couplet",2,502,"WA I-5",81.32
1000067,10412,"Mellen Couplet",1,502,"WA I-5",81.32
1000121,10413,"18th ST NB",3,54,"WA I-205",29.36
1000122,10413,"18th ST NB",2,54,"WA I-205",29.36
1000123,10413,"18th ST NB",1,54,"WA I-205",29.36
1000068,10414,"MELLEN CPLT OFF ",2,502,"WA I-5",80.76
1000069,10414,"MELLEN CPLT OFF ",1,502,"WA I-5",80.76
1000138,10415,"BLAKESLEE JCN",3,501,"WA I-5",83.85
1000139,10415,"BLAKESLEE JCN",2,501,"WA I-5",83.85
1000140,10415,"BLAKESLEE JCN",1,501,"WA I-5",83.85
1000157,10416,209th,3,501,"WA I-5",11.03
1000158,10416,209th,2,501,"WA I-5",11.03
1000159,10416,209th,1,501,"WA I-5",11.03
1000101,10417,"Apple Tree",2,50,"SR 14",0.17
1000102,10417,"Apple Tree",1,50,"SR 14",0.17
1000145,10419,"MELLEN ST",2,501,"WA I-5",81.67
1000146,10419,"MELLEN ST",1,501,"WA I-5",81.67
1000007,10420,"Camas C/L",2,51,"SR 14",11.45
1000008,10420,"Camas C/L",1,51,"SR 14",11.45
1000103,10421,"79th ST",2,53,"SR 500",9.64
1000104,10421,"79th ST",1,53,"SR 500",9.64
1000001,10422,154th,2,101,"SR 503",4.71
1000002,10422,154th,1,101,"SR 503",4.71
1000149,10424,"MELLEN CPLT OFF ",2,501,"WA I-5",80.76
1000150,10424,"MELLEN CPLT OFF ",1,501,"WA I-5",80.76
1000135,10425,"L/T COUNTY LINE",3,501,"WA I-5",85.57
1000136,10425,"L/T COUNTY LINE",2,501,"WA I-5",85.57
1000137,10425,"L/T COUNTY LINE",1,501,"WA I-5",85.57
1000165,10426,129th,2,501,"WA I-5",6.89
1000166,10426,129th,1,501,"WA I-5",6.89
1000064,10427,"MELLEN ST",2,502,"WA I-5",81.67
1000065,10427,"MELLEN ST",1,502,"WA I-5",81.67
1000099,10428,"Col. Shores BLVD",2,50,"SR 14",0.91
1000100,10428,"Col. Shores BLVD",1,50,"SR 14",0.91
1000160,10430,"179th ST NB",3,501,"WA I-5",9.76
1000161,10430,"179th ST NB",2,501,"WA I-5",9.76
1000162,10430,"179th ST NB",1,501,"WA I-5",9.76
1000141,10431,"Harrison Ave",2,501,"WA I-5",82.74
1000142,10431,"Harrison Ave",1,501,"WA I-5",82.74
1000021,10432,"79th ST",2,52,"SR 500",9.64
1000022,10432,"79th ST",1,52,"SR 500",9.64
1000015,10433,"73rd AVE",2,51,"SR 14",3.76
1000016,10433,"73rd AVE",1,51,"SR 14",3.76
1000109,10434,134th,2,54,"WA I-205",36.67
1000110,10434,134th,1,54,"WA I-205",36.67
1000097,10435,"73rd AVE",2,50,"SR 14",3.76
1000098,10435,"73rd AVE",1,50,"SR 14",3.76
1000151,10436,SR-501,3,501,"WA I-5",14.2
1000152,10436,SR-501,2,501,"WA I-5",14.2
1000153,10436,SR-501,1,501,"WA I-5",14.2
1000025,10437,134th,2,55,"WA I-205",36.67
1000026,10437,134th,1,55,"WA I-205",36.67
1000084,10438,129th,3,502,"WA I-5",6.89
1000085,10438,129th,2,502,"WA I-5",6.89
1000086,10438,129th,1,502,"WA I-5",6.89
1000111,10439,"ST Johns NB",2,54,"WA I-205",34.34
1000112,10439,"ST Johns NB",1,54,"WA I-205",34.34
1000011,10440,"Quarry Rd.",2,51,"SR 14",9.52
1000012,10440,"Quarry Rd.",1,51,"SR 14",9.52
1000154,10442,"Dolan RD",3,501,"WA I-5",13.46
1000155,10442,"Dolan RD",2,501,"WA I-5",13.46
1000156,10442,"Dolan RD",1,501,"WA I-5",13.46
1000089,10443,"Camas C/L",2,50,"SR 14",11.45
1000090,10443,"Camas C/L",1,50,"SR 14",11.45
1000057,10444,"BLAKESLEE JCN",3,502,"WA I-5",83.85
1000058,10444,"BLAKESLEE JCN",2,502,"WA I-5",83.85
1000059,10444,"BLAKESLEE JCN",1,502,"WA I-5",83.85
1000070,10445,SR-501,3,502,"WA I-5",14.2
1000071,10445,SR-501,2,502,"WA I-5",14.2
1000072,10445,SR-501,1,502,"WA I-5",14.2
1000115,10446,"39th NB",3,54,"WA I-205",30.38
1000116,10446,"39th NB",2,54,"WA I-205",30.38
1000117,10446,"39th NB",1,54,"WA I-205",30.38
101289,10520,"Marquam Bridge (2DS079) @ NB I-5 MP300.47",4,610,DS,300.47
101290,10520,"Marquam Bridge (2DS079) @ NB I-5 MP300.47",3,610,DS,300.47
101291,10520,"Marquam Bridge (2DS079) @ NB I-5 MP300.47",2,610,DS,300.47
101292,10520,"Marquam Bridge (2DS079) @ NB I-5 MP300.47",1,610,DS,300.47
101967,10521,"S. OR99W (2DS033) @ NB OR 217 MP6.33",2,9,OR-217,6.33
101968,10521,"S. OR99W (2DS033) @ NB OR 217 MP6.33",1,9,OR-217,6.33
102107,10522,"Alberta HOV (2R003) to NB I-5",-1,610,DS,304.4
102108,10523,"Rosa Parks HOV (2R004) to NB I-5",-1,610,DS,305.12
102106,10524,"Going HOV (2R002) to NB I-5",-1,610,DS,303.88
102109,10525,"Victory HOV (2R006) to NB I-5",-1,610,DS,306.51
102122,10526,"Newberg Home Acres OR99W NB MP 24.41",2,622,"R2 OR99W",24.41
102123,10526,"Newberg Home Acres OR99W NB MP 24.41",1,622,"R2 OR99W",24.41
102111,10527,"Dundee Fulquartz OR18 WB MP 56.18",1,621,"R2 OR18",56.18
102114,10528,"Dundee 8th OR18 WB MP 56.75",1,621,"R2 OR18",56.75
102120,10529,"Newberg Home Acres OR99W SB MP 24.41",2,623,"R2 OR99W",24.41
102121,10529,"Newberg Home Acres OR99W SB MP 24.41",1,623,"R2 OR99W",24.41
102117,10530,"Newberg Waterfront OR18 EB MP 57.95",1,620,"R2 OR18",57.95
102119,10531,"Newberg Wynooski OR18 EB MP 59.04",1,620,"R2 OR18",59.04
102118,10532,"Newberg Wynooski OR18 WB MP 59.04",1,621,"R2 OR18",59.04
102116,10533,"Newberg Waterfront OR18 WB MP 57.95",1,621,"R2 OR18",57.95
102115,10534,"Dundee 8th OR18 EB MP 56.75",1,620,"R2 OR18",56.75
102113,10535,"Dundee Fulquartz OR18 EB MP 56.18",1,620,"R2 OR18",56.18
102137,10536,"DSR US26 @ OR216 Jct WB",1,607,"Mt. Hood",70.99
102136,10537,"DSR US26 @ OR216 Jct EB",1,606,"Mt. Hood",70.99
102139,10538,"Parkdale (2DS120) @ NB OR35 MP83.51",1,606,"Mt. Hood",83.51
102138,10539,"Parkdale (2DS120) @ SB OR35 MP83.51",1,607,"Mt. Hood",83.51
102140,10540,"Frog Lake South (2DS119) @ NB US26 MP61.77",1,607,"Mt. Hood",61.77
102141,10541,"Frog Lake South (2DS119) @ SB US26 MP61.77",1,606,"Mt. Hood",61.77
102142,10542,"Trillium Lake (2DS117) @ SB US26 MP55.99",1,606,"Mt. Hood",55.99
102143,10543,"Trillium Lake (2DS117) @ NB US26 MP55.99",2,607,"Mt. Hood",55.99
102144,10543,"Trillium Lake (2DS117) @ NB US26 MP55.99",1,607,"Mt. Hood",55.99
102147,10544,"Kings N St (W)",3,617,"R2 Beltline Hwy",12.16
102148,10544,"Kings N St (W)",2,617,"R2 Beltline Hwy",12.16
102149,10544,"Kings N St (W)",1,617,"R2 Beltline Hwy",12.16
102145,10545,"Kings N St (E)",2,616,"R2 Beltline Hwy",12.16
102146,10545,"Kings N St (E)",1,616,"R2 Beltline Hwy",12.16
102150,10546,"Vista Ridge (2DS108) @ WB US26 MP73.71",3,12,US26,73.71
102151,10546,"Vista Ridge (2DS108) @ WB US26 MP73.71",2,12,US26,73.71
102152,10546,"Vista Ridge (2DS108) @ WB US26 MP73.71",1,12,US26,73.71
102158,10547,"Vista Ridge (2DS108) @ EB US26 MP73.71 to SB I-405",1,608,DS,73.71
102156,10548,"Vista Ridge (2DS108) @ EB US26 MP73.71 to NB I-405",1,608,DS,73.71
102157,10549,"Vista Ridge (2DS108) @ EB US26 MP73.71 to SW Market St",1,608,DS,73.71
102159,10550,"E. Zoo Interchange (2DS107) @ EB US26 MP72.65",3,11,US26,72.65
102160,10550,"E. Zoo Interchange (2DS107) @ EB US26 MP72.65",2,11,US26,72.65
102161,10550,"E. Zoo Interchange (2DS107) @ EB US26 MP72.65",1,11,US26,72.65
102168,10551,"Stafford Rd (2DS139) to NB I-205 MP2.8",2,3,I-205,2.8
102169,10551,"Stafford Rd (2DS139) to NB I-205 MP2.8",1,3,I-205,2.8
102162,10552,"E. Zoo Interchange (2DS107) @ WB US26 MP72.65",4,12,US26,72.65
102163,10552,"E. Zoo Interchange (2DS107) @ WB US26 MP72.65",3,12,US26,72.65
102164,10552,"E. Zoo Interchange (2DS107) @ WB US26 MP72.65",2,12,US26,72.65
102165,10552,"E. Zoo Interchange (2DS107) @ WB US26 MP72.65",1,12,US26,72.65
102166,10553,"Stafford Rd (2DS138) to NB I-205 MP3.58",2,3,I-205,3.58
102167,10553,"Stafford Rd (2DS138) to NB I-205 MP3.58",1,3,I-205,3.58
102178,10554,"SW 88th (2DS144) @ EB US26 MP69.77",4,11,US26,69.77
102179,10554,"SW 88th (2DS144) @ EB US26 MP69.77",3,11,US26,69.77
102180,10554,"SW 88th (2DS144) @ EB US26 MP69.77",2,11,US26,69.77
102181,10554,"SW 88th (2DS144) @ EB US26 MP69.77",1,11,US26,69.77
102175,10555,"39th (2DS109) @ WB I-84 MP2.64",3,8,I-84,2.64
102176,10555,"39th (2DS109) @ WB I-84 MP2.64",2,8,I-84,2.64
102177,10555,"39th (2DS109) @ WB I-84 MP2.64",1,8,I-84,2.64
102172,10556,"39th (2DS109) @ EB I-84 MP2.64",3,7,I-84,2.64
102173,10556,"39th (2DS109) @ EB I-84 MP2.64",2,7,I-84,2.64
102174,10556,"39th (2DS109) @ EB I-84 MP2.64",1,7,I-84,2.64
102189,10557,"SW 79th (2DS106) @ WB US26 MP70.16",3,12,US26,70.16
102190,10557,"SW 79th (2DS106) @ WB US26 MP70.16",2,12,US26,70.16
102191,10557,"SW 79th (2DS106) @ WB US26 MP70.16",1,12,US26,70.16
102182,10558,"SW 88th (2DS144) @ WB US26 MP69.77",3,12,US26,69.77
102183,10558,"SW 88th (2DS144) @ WB US26 MP69.77",2,12,US26,69.77
102184,10558,"SW 88th (2DS144) @ WB US26 MP69.77",1,12,US26,69.77
102185,10559,"SW 79th (2DS106) @ EB US26 MP70.16",4,11,US26,70.16
102186,10559,"SW 79th (2DS106) @ EB US26 MP70.16",3,11,US26,70.16
102187,10559,"SW 79th (2DS106) @ EB US26 MP70.16",2,11,US26,70.16
102188,10559,"SW 79th (2DS106) @ EB US26 MP70.16",1,11,US26,70.16
102199,10560,"Run Away Truck Ramp (2DS114) @ EB US26 MP49.95",2,606,"Mt. Hood",49.95
102200,10560,"Run Away Truck Ramp (2DS114) @ EB US26 MP49.95",1,606,"Mt. Hood",49.95
102196,10561,"Run Away Truck Ramp (2DS114) @ WB US26 MP49.95",1,607,"Mt. Hood",49.95
102192,10562,"Pioneer Brindle (2DS115) @ WB US26 MP51.83",2,607,"Mt. Hood",51.83
102193,10562,"Pioneer Brindle (2DS115) @ WB US26 MP51.83",1,607,"Mt. Hood",51.83
102194,10563,"Pioneer Brindle (2DS115) @ EB US26 MP51.83",2,606,"Mt. Hood",51.83
102195,10563,"Pioneer Brindle (2DS115) @ EB US26 MP51.83",1,606,"Mt. Hood",51.83
102201,10564,"US26 (2DS118) @ SB OR35 MP57.80",1,607,"Mt. Hood",57.8
102202,10565,"US26 (2DS118) @ NB OR35 MP57.80",1,606,"Mt. Hood",57.8
102221,10566,"Govt Camp Loop East (2DS116) @ WB US26 MP53.93",1,607,"Mt. Hood",53.93
102218,10567,"Ski Bowl West (2DS140) @ EB US26 MP52.44",2,606,"Mt. Hood",52.44
102219,10567,"Ski Bowl West (2DS140) @ EB US26 MP52.44",1,606,"Mt. Hood",52.44
102222,10568,"Govt Camp Loop East (2DS116) @ EB US26 MP53.93",2,606,"Mt. Hood",53.93
102223,10568,"Govt Camp Loop East (2DS116) @ EB US26 MP53.93",1,606,"Mt. Hood",53.93
102224,10569,"USFS Rd 35 (2DS113) @ EB MP47.83",1,606,"Mt. Hood",47.83
102220,10570,"Ski Bowl West (2DS140) @ WB US26 MP52.44",1,607,"Mt. Hood",52.44
102225,10571,"USFS Rd 35 (2DS113) @ WB MP47.83",1,607,"Mt. Hood",47.83
102234,10572,"N. of 10th (2DS137) @ SB I-205 MP6.89",2,4,I-205,6.89
102235,10572,"N. of 10th (2DS137) @ SB I-205 MP6.89",1,4,I-205,6.89
102236,10573,"N. of 10th (2DS137) @ NB I-205 MP6.89",2,3,I-205,6.89
102237,10573,"N. of 10th (2DS137) @ NB I-205 MP6.89",1,3,I-205,6.89
102232,10574,"S. of 10th (2DS136) @ SB I-205 MP6.09",2,4,I-205,6.09
102233,10574,"S. of 10th (2DS136) @ SB I-205 MP6.09",1,4,I-205,6.09
102238,10575,"Glenn Jackson Bridge (2DS148) @ NB I-205 MP26.4",4,3,I-205,26.4
102239,10575,"Glenn Jackson Bridge (2DS148) @ NB I-205 MP26.4",3,3,I-205,26.4
102240,10575,"Glenn Jackson Bridge (2DS148) @ NB I-205 MP26.4",2,3,I-205,26.4
102241,10575,"Glenn Jackson Bridge (2DS148) @ NB I-205 MP26.4",1,3,I-205,26.4
102287,10576,"OR43 (2DS135) @ NB I-205 MP8.56",2,3,I-205,8.56
102288,10576,"OR43 (2DS135) @ NB I-205 MP8.56",1,3,I-205,8.56
102242,10577,"Stafford Rd (2DS139) to SB I-205 MP2",3,4,I-205,2.8
102243,10577,"Stafford Rd (2DS139) to SB I-205 MP2",2,4,I-205,2.8
102244,10577,"Stafford Rd (2DS139) to SB I-205 MP2",1,4,I-205,2.8
102249,10578,"Government Island (2DS146) @ NB I-205 MP25.6",4,3,I-205,25.6
102250,10578,"Government Island (2DS146) @ NB I-205 MP25.6",3,3,I-205,25.6
102251,10578,"Government Island (2DS146) @ NB I-205 MP25.6",2,3,I-205,25.6
102252,10578,"Government Island (2DS146) @ NB I-205 MP25.6",1,3,I-205,25.6
102245,10579,"Government Island (2DS146) @ SB I-205 MP25.6",4,4,I-205,25.6
102246,10579,"Government Island (2DS146) @ SB I-205 MP25.6",3,4,I-205,25.6
102247,10579,"Government Island (2DS146) @ SB I-205 MP25.6",2,4,I-205,25.6
102248,10579,"Government Island (2DS146) @ SB I-205 MP25.6",1,4,I-205,25.6
102253,10580,"Maywood Park (2DS141) @ NB I-205 MP23.02",4,3,I-205,23.02
102254,10580,"Maywood Park (2DS141) @ NB I-205 MP23.02",3,3,I-205,23.02
102255,10580,"Maywood Park (2DS141) @ NB I-205 MP23.02",2,3,I-205,23.02
102256,10580,"Maywood Park (2DS141) @ NB I-205 MP23.02",1,3,I-205,23.02
102273,10581,"Division Ramp (2DS152) @ SB I-205 MP19.92",3,4,I-205,19.92
102274,10581,"Division Ramp (2DS152) @ SB I-205 MP19.92",2,4,I-205,19.92
102275,10581,"Division Ramp (2DS152) @ SB I-205 MP19.92",1,4,I-205,19.92
102257,10582,"Maywood Park (2DS141) @ SB I-205 MP23.02",4,4,I-205,23.02
102258,10582,"Maywood Park (2DS141) @ SB I-205 MP23.02",3,4,I-205,23.02
102259,10582,"Maywood Park (2DS141) @ SB I-205 MP23.02",2,4,I-205,23.02
102260,10582,"Maywood Park (2DS141) @ SB I-205 MP23.02",1,4,I-205,23.02
102282,10583,"Powell Ramp (2DS153) @ SB I-205 MP19.54",3,4,I-205,19.54
102283,10583,"Powell Ramp (2DS153) @ SB I-205 MP19.54",2,4,I-205,19.54
102284,10583,"Powell Ramp (2DS153) @ SB I-205 MP19.54",1,4,I-205,19.54
102261,10584,"Glisan Ramp (2DS151) @ NB I-205 MP21.44",4,3,I-205,21.44
102262,10584,"Glisan Ramp (2DS151) @ NB I-205 MP21.44",3,3,I-205,21.44
102263,10584,"Glisan Ramp (2DS151) @ NB I-205 MP21.44",2,3,I-205,21.44
102264,10584,"Glisan Ramp (2DS151) @ NB I-205 MP21.44",1,3,I-205,21.44
102269,10585,"Division Ramp (2DS152) @ NB I-205 MP19.92",4,3,I-205,19.92
102270,10585,"Division Ramp (2DS152) @ NB I-205 MP19.92",3,3,I-205,19.92
102271,10585,"Division Ramp (2DS152) @ NB I-205 MP19.92",2,3,I-205,19.92
102272,10585,"Division Ramp (2DS152) @ NB I-205 MP19.92",1,3,I-205,19.92
102265,10587,"Burnside (2DS145) @ NB I-205 MP20.9",4,3,I-205,20.9
102266,10587,"Burnside (2DS145) @ NB I-205 MP20.9",3,3,I-205,20.9
102267,10587,"Burnside (2DS145) @ NB I-205 MP20.9",2,3,I-205,20.9
102268,10587,"Burnside (2DS145) @ NB I-205 MP20.9",1,3,I-205,20.9
102278,10588,"Powell Ramp (2DS153) @ NB I-205 MP19.54",4,3,I-205,19.54
102279,10588,"Powell Ramp (2DS153) @ NB I-205 MP19.54",3,3,I-205,19.54
102280,10588,"Powell Ramp (2DS153) @ NB I-205 MP19.54",2,3,I-205,19.54
102281,10588,"Powell Ramp (2DS153) @ NB I-205 MP19.54",1,3,I-205,19.54
102285,10589,"OR43 (2DS135) @ SB I-205 MP8.56",2,4,I-205,8.56
102286,10589,"OR43 (2DS135) @ SB I-205 MP8.56",1,4,I-205,8.56
102315,10590,"Lawnfield (2DS154) at NB I-205 MP13.62",4,3,I-205,13.62
102316,10590,"Lawnfield (2DS154) at NB I-205 MP13.62",3,3,I-205,13.62
102317,10590,"Lawnfield (2DS154) at NB I-205 MP13.62",2,3,I-205,13.62
102318,10590,"Lawnfield (2DS154) at NB I-205 MP13.62",1,3,I-205,13.62
102153,10591,"Vista Ridge (2DS108) @ EB US26 MP73.71",3,11,US26,73.71
102154,10591,"Vista Ridge (2DS108) @ EB US26 MP73.71",2,11,US26,73.71
102155,10591,"Vista Ridge (2DS108) @ EB US26 MP73.71",1,11,US26,73.71
1000173,10600,154th,4,502,"WA I-5",8.24
1000174,10600,154th,3,502,"WA I-5",8.24
1000175,10600,154th,2,502,"WA I-5",8.24
1000176,10600,154th,1,502,"WA I-5",8.24
1000184,10601,154th,4,501,"WA I-5",8.24
1000185,10601,154th,3,501,"WA I-5",8.24
1000186,10601,154th,2,501,"WA I-5",8.24
1000187,10601,154th,1,501,"WA I-5",8.24
1000171,10602,"54th Ave",2,53,"SR 500",2.35
1000172,10602,"54th Ave",1,53,"SR 500",2.35
1000182,10603,"54th Ave",2,52,"SR 500",2.35
1000183,10603,"54th Ave",1,52,"SR 500",2.35
1000180,10604,"Andresen RD",2,52,"SR 500",3.32
1000181,10604,"Andresen RD",1,52,"SR 500",3.32
1000169,10605,"Andresen RD",2,53,"SR 500",3.32
1000170,10605,"Andresen RD",1,53,"SR 500",3.32
1000167,10606,"MP 1.93",2,51,"SR 14",1.93
1000168,10606,"MP 1.93",1,51,"SR 14",1.93
1000177,10607,"MP 1.93",2,50,"SR 14",1.93
1000178,10607,"MP 1.93",1,50,"SR 14",1.93
102334,10640,"Alberta (2DS149) @ SB I-5 MP304.3",3,2,I-5,304.3
102335,10640,"Alberta (2DS149) @ SB I-5 MP304.3",2,2,I-5,304.3
102336,10640,"Alberta (2DS149) @ SB I-5 MP304.3",1,2,I-5,304.3
102341,10641,"Russell (2DS150) @ NB I-5 MP302.8",2,1,I-5,302.8
102342,10641,"Russell (2DS150) @ NB I-5 MP302.8",1,1,I-5,302.8
102337,10642,"Russell (2DS150) @ SB I-5 MP302.8",4,2,I-5,302.8
102338,10642,"Russell (2DS150) @ SB I-5 MP302.8",3,2,I-5,302.8
102339,10642,"Russell (2DS150) @ SB I-5 MP302.8",2,2,I-5,302.8
102340,10642,"Russell (2DS150) @ SB I-5 MP302.8",1,2,I-5,302.8
102343,10643,"Russell (2DS150) @ NB I-5 to I-405 MP302.8",2,610,DS,302.8
102344,10643,"Russell (2DS150) @ NB I-5 to I-405 MP302.8",1,610,DS,302.8
102367,10644,"Poverty I-84 MP226.62 WB",2,614,"R5 I-84",226.62
102368,10644,"Poverty I-84 MP226.62 WB",1,614,"R5 I-84",226.62
102363,10645,"Cabbage I-84 MP222.35 WB",2,614,"R5 I-84",222.35
102364,10645,"Cabbage I-84 MP222.35 WB",1,614,"R5 I-84",222.35
102355,10646,"Meacham I-84 MP239.89 EB",2,615,"R5 I-84",239.89
102356,10646,"Meacham I-84 MP239.89 EB",1,615,"R5 I-84",239.89
102369,10647,"Deadman I-84 MP229.18 WB",2,614,"R5 I-84",229.18
102370,10647,"Deadman I-84 MP229.18 WB",1,614,"R5 I-84",229.18
102349,10648,"Poverty I-84 MP226.62 EB",2,615,"R5 I-84",226.62
102350,10648,"Poverty I-84 MP226.62 EB",1,615,"R5 I-84",226.62
102361,10649,"Cabbage I-84 MP221.45 WB",2,614,"R5 I-84",221.45
102362,10649,"Cabbage I-84 MP221.45 WB",1,614,"R5 I-84",221.45
102373,10650,"Meacham I-84 MP239.89 WB",2,614,"R5 I-84",239.89
102374,10650,"Meacham I-84 MP239.89 WB",1,614,"R5 I-84",239.89
102359,10651,"Cabbage I-84 MP220.83 WB",2,614,"R5 I-84",220.83
102360,10651,"Cabbage I-84 MP220.83 WB",1,614,"R5 I-84",220.83
102357,10652,"Mission I-84 MP219.61 WB",2,614,"R5 I-84",219.61
102358,10652,"Mission I-84 MP219.61 WB",1,614,"R5 I-84",219.61
102351,10653,"Deadman I-84 MP229.18 EB",2,615,"R5 I-84",229.18
102352,10653,"Deadman I-84 MP229.18 EB",1,615,"R5 I-84",229.18
102365,10654,"Cabbage I-84 MP223.52 WB",2,614,"R5 I-84",223.52
102366,10654,"Cabbage I-84 MP223.52 WB",1,614,"R5 I-84",223.52
102353,10655,"Meacham I-84 MP237.10 EB",2,615,"R5 I-84",237.1
102354,10655,"Meacham I-84 MP237.10 EB",1,615,"R5 I-84",237.1
102379,10656,"US97 Construction Zone SB",2,612,Construction,133.25
102380,10656,"US97 Construction Zone SB",1,612,Construction,133.25
102381,10657,"US97 Construction Zone NB",2,612,Construction,133.25
102382,10657,"US97 Construction Zone NB",1,612,Construction,133.25
102386,10658,"US20 at Cooley Rd WB",2,612,Construction,0
102387,10658,"US20 at Cooley Rd WB",1,612,Construction,0
102385,10659,"US20 at Cooley Rd EB",1,612,Construction,0
102388,10660,"Delta Hwy (W)",2,617,"R2 Beltline Hwy",10.1
102389,10660,"Delta Hwy (W)",1,617,"R2 Beltline Hwy",10.1
102432,10661,"SB Wilsonville Rd (2DS184) @ SB I-5 MP283.42",4,2,I-5,283.42
102433,10661,"SB Wilsonville Rd (2DS184) @ SB I-5 MP283.42",3,2,I-5,283.42
102434,10661,"SB Wilsonville Rd (2DS184) @ SB I-5 MP283.42",2,2,I-5,283.42
102435,10661,"SB Wilsonville Rd (2DS184) @ SB I-5 MP283.42",1,2,I-5,283.42
102425,10662,"NB Wilsonville Rd (2DS183) @ NB I-5 MP284.19",4,1,I-5,284.19
102426,10662,"NB Wilsonville Rd (2DS183) @ NB I-5 MP284.19",3,1,I-5,284.19
102427,10662,"NB Wilsonville Rd (2DS183) @ NB I-5 MP284.19",2,1,I-5,284.19
102428,10662,"NB Wilsonville Rd (2DS183) @ NB I-5 MP284.19",1,1,I-5,284.19
102404,10663,"EB Elligsen Loop (2DS180) @ SB I-5 MP286.25",3,2,I-5,286.25
102405,10663,"EB Elligsen Loop (2DS180) @ SB I-5 MP286.25",2,2,I-5,286.25
102406,10663,"EB Elligsen Loop (2DS180) @ SB I-5 MP286.25",1,2,I-5,286.25
102415,10664,"WB Elligsen Loop (2DS181) @ NB I-5 MP286.07",3,1,I-5,286.07
102416,10664,"WB Elligsen Loop (2DS181) @ NB I-5 MP286.07",2,1,I-5,286.07
102417,10664,"WB Elligsen Loop (2DS181) @ NB I-5 MP286.07",1,1,I-5,286.07
102429,10665,"NB Wilsonville Rd (2DS183) @ SB I-5 MP284.19",3,2,I-5,284.19
102430,10665,"NB Wilsonville Rd (2DS183) @ SB I-5 MP284.19",2,2,I-5,284.19
102431,10665,"NB Wilsonville Rd (2DS183) @ SB I-5 MP284.19",1,2,I-5,284.19
102400,10666,"EB Elligsen Loop (2DS180) @ NB I-5 MP286.25",4,1,I-5,286.25
102401,10666,"EB Elligsen Loop (2DS180) @ NB I-5 MP286.25",3,1,I-5,286.25
102402,10666,"EB Elligsen Loop (2DS180) @ NB I-5 MP286.25",2,1,I-5,286.25
102403,10666,"EB Elligsen Loop (2DS180) @ NB I-5 MP286.25",1,1,I-5,286.25
102396,10667,"WB Elligsen Slip (2DS179) @ NB I-5 MP286.56",4,1,I-5,286.56
102397,10667,"WB Elligsen Slip (2DS179) @ NB I-5 MP286.56",3,1,I-5,286.56
102398,10667,"WB Elligsen Slip (2DS179) @ NB I-5 MP286.56",2,1,I-5,286.56
102399,10667,"WB Elligsen Slip (2DS179) @ NB I-5 MP286.56",1,1,I-5,286.56
102411,10668,"WB Elligsen Loop (2DS181) @ SB I-5 MP286.07",4,2,I-5,286.07
102412,10668,"WB Elligsen Loop (2DS181) @ SB I-5 MP286.07",3,2,I-5,286.07
102413,10668,"WB Elligsen Loop (2DS181) @ SB I-5 MP286.07",2,2,I-5,286.07
102414,10668,"WB Elligsen Loop (2DS181) @ SB I-5 MP286.07",1,2,I-5,286.07
102418,10669,"SB Elligsen Slip (2DS182) @ SB I-5 MP285.78",4,2,I-5,285.78
102419,10669,"SB Elligsen Slip (2DS182) @ SB I-5 MP285.78",3,2,I-5,285.78
102420,10669,"SB Elligsen Slip (2DS182) @ SB I-5 MP285.78",2,2,I-5,285.78
102421,10669,"SB Elligsen Slip (2DS182) @ SB I-5 MP285.78",1,2,I-5,285.78
102422,10670,"SB Elligsen Slip (2DS182) @ NB I-5 MP285.78",3,1,I-5,285.78
102423,10670,"SB Elligsen Slip (2DS182) @ NB I-5 MP285.78",2,1,I-5,285.78
102424,10670,"SB Elligsen Slip (2DS182) @ NB I-5 MP285.78",1,1,I-5,285.78
102436,10671,"SB Wilsonville Rd (2DS184) @ NB I-5 MP283.42",4,1,I-5,283.42
102437,10671,"SB Wilsonville Rd (2DS184) @ NB I-5 MP283.42",3,1,I-5,283.42
102438,10671,"SB Wilsonville Rd (2DS184) @ NB I-5 MP283.42",2,1,I-5,283.42
102439,10671,"SB Wilsonville Rd (2DS184) @ NB I-5 MP283.42",1,1,I-5,283.42
1000194,10695,I-205,2,52,"SR 500",4.8
1000195,10695,I-205,1,52,"SR 500",4.8
1000235,10696,I-205,2,53,"SR 500",4.8
1000236,10696,I-205,1,53,"SR 500",4.8
1000214,10697,"SR-500 NB On Rmp",2,54,"WA I-205",31.11
1000215,10697,"SR-500 NB On Rmp",1,54,"WA I-205",31.11
1000196,10698,"9th St NB",3,54,"WA I-205",28.85
1000197,10698,"9th St NB",2,54,"WA I-205",28.85
1000198,10698,"9th St NB",1,54,"WA I-205",28.85
1000237,10699,27th,1,50,"SR 14",16.7
1000241,10700,27th,1,51,"SR 14",16.7
1000188,10701,SR14,3,502,"WA I-5",0.42
1000189,10701,SR14,2,502,"WA I-5",0.42
1000190,10701,SR14,1,502,"WA I-5",0.42
1000242,10702,SR14,3,501,"WA I-5",0.42
1000243,10702,SR14,2,501,"WA I-5",0.42
1000244,10702,SR14,1,501,"WA I-5",0.42
1000216,10703,"North of 4th Pln",3,502,"WA I-5",1.64
1000217,10703,"North of 4th Pln",2,502,"WA I-5",1.64
1000218,10703,"North of 4th Pln",1,502,"WA I-5",1.64
1000232,10704,"North of 4th Pln",3,501,"WA I-5",1.64
1000233,10704,"North of 4th Pln",2,501,"WA I-5",1.64
1000234,10704,"North of 4th Pln",1,501,"WA I-5",1.64
1000205,10705,"Main St",3,502,"WA I-5",2.97
1000206,10705,"Main St",2,502,"WA I-5",2.97
1000207,10705,"Main St",1,502,"WA I-5",2.97
1000245,10706,"Main St",3,501,"WA I-5",2.97
1000246,10706,"Main St",2,501,"WA I-5",2.97
1000247,10706,"Main St",1,501,"WA I-5",2.97
1000191,10707,SR500,3,501,"WA I-5",2.09
1000192,10707,SR500,2,501,"WA I-5",2.09
1000193,10707,SR500,1,501,"WA I-5",2.09
1000238,10708,SR500,3,502,"WA I-5",2.09
1000239,10708,SR500,2,502,"WA I-5",2.09
1000240,10708,SR500,1,502,"WA I-5",2.09
1000219,10709,"Burton Rd",3,55,"WA I-205",29.84
1000220,10709,"Burton Rd",2,55,"WA I-205",29.84
1000221,10709,"Burton Rd",1,55,"WA I-205",29.84
1000225,10710,"Burton Rd",3,54,"WA I-205",29.84
1000226,10710,"Burton Rd",2,54,"WA I-205",29.84
1000227,10710,"Burton Rd",1,54,"WA I-205",29.84
1000211,10711,"Main St North",3,502,"WA I-5",3.25
1000212,10711,"Main St North",2,502,"WA I-5",3.25
1000213,10711,"Main St North",1,502,"WA I-5",3.25
1000222,10712,"Main St North",3,501,"WA I-5",3.25
1000223,10712,"Main St North",2,501,"WA I-5",3.25
1000224,10712,"Main St North",1,501,"WA I-5",3.25
1000208,10713,"Mill Pln NB Ramp",3,54,"WA I-205",28.69
1000209,10713,"Mill Pln NB Ramp",2,54,"WA I-205",28.69
1000210,10713,"Mill Pln NB Ramp",1,54,"WA I-205",28.69
1000199,10714,InterstateBrdg,3,501,"WA I-5",0.32
1000200,10714,InterstateBrdg,2,501,"WA I-5",0.32
1000201,10714,InterstateBrdg,1,501,"WA I-5",0.32
1000202,10715,InterstateBrdg,3,502,"WA I-5",0.32
1000203,10715,InterstateBrdg,2,502,"WA I-5",0.32
1000204,10715,InterstateBrdg,1,502,"WA I-5",0.32
1000228,10716,"112th Ave",2,52,"SR 500",5.46
1000229,10716,"112th Ave",1,52,"SR 500",5.46
1000230,10717,"112th Ave",2,53,"SR 500",5.46
1000231,10717,"112th Ave",1,53,"SR 500",5.46
102017,5207,,1,54,"WA I-205",36.15
102018,5207,,2,54,"WA I-205",36.15
